Workbook
Name Slicer_Campaign_Name: #N/A
Name Slicer_Campaign_Name1: #N/A
Name Slicer_Campaign_Name2: #N/A
Name Slicer_Platform: #N/A

Sheet Posts 
A1: Post ID | B1: Platform | C1: Date | D1: Content Type | E1: Post Text | F1: Likes | G1: Shares | H1: Comments | I1: Impressions | J1: Reach | K1: Clicks | L1: Hashtags Used.1 | M1: Hashtags Used.2 | N1: Hashtags Used.3 | O1: Campaign_Name | P1: Engagement Rate | Q1: Hashtags | R1: Start Date | S1: End Date | T1: Period | U1: Engagement | V1: Before | W1: During | X1: Uplift | Y1: Total Budget | Z1: ROI | AA1: UPLIFT %
A2: P001 | B2: X | C2: 45649 | D2: Reel | E2: Check out our latest reel on twitter! | F2: 1461 | G2: 184 | H2: 344 | I2: 21915 | J2: 21675 | K2: 15 | L2: #FutureOfDriving | M2: #AnytimeIsTeslaTime | O2: CybertruckLaunch | P2: =IFERROR(((Posts_Cleaned[[#This Row],[Likes]]+Posts_Cleaned[[#This Row],[Shares]]+Posts_Cleaned[[#This Row],[Comments]])/Posts_Cleaned[[#This Row],[Impressions]]),0) -> 0.090759754 | Q2: =_xlfn.TEXTJOIN(", ", TRUE, Posts_Cleaned[[#This Row],[Hashtags Used.1]], Posts_Cleaned[[#This Row],[Hashtags Used.2]], Posts_Cleaned[[#This Row],[Hashtags Used.3]]) -> #FutureOfDriving, #AnytimeIsTeslaTime | R2: =VLOOKUP(Posts_Cleaned[[#This Row],[Campaign_Name]],'Campaign Metadata Dataset '!$A$2:$B$5,2,0) -> 45458 | S2: =VLOOKUP(Posts_Cleaned[[#This Row],[Campaign_Name]],'Campaign Metadata Dataset '!$A$1:$C$5,3,0) -> 45488 | T2: =IF(AND(C2>R2, C2<=S2),"During Campaign","Before Campaign") -> Before Campaign | U2: =SUM(Posts_Cleaned[[#This Row],[Likes]]+Posts_Cleaned[[#This Row],[Shares]]+Posts_Cleaned[[#This Row],[Comments]]+Posts_Cleaned[[#This Row],[Clicks]]) -> 2004 | V2: =AVERAGEIF(Posts_Cleaned[[#This Row],[Period]]:T:T,"Before Campaign",Posts_Cleaned[[#This Row],[Engagement Rate ]]) -> 0.14581846 | W2: =AVERAGEIF($T$2:$T$302,"During Campaign",P2) -> 0.12852412 | X2: =(W2-V2)/W2 -> -0.13456104 | Y2: =IFERROR(VLOOKUP(O2, 'Campaign Metadata Dataset '!$A$1:$G$5,5,0),0) -> 150000 | Z2: =(Posts_Cleaned[[#This Row],[Likes]]+Posts_Cleaned[[#This Row],[Shares]]+Posts_Cleaned[[#This Row],[Comments]]+Posts_Cleaned[[#This Row],[Clicks]])/Posts_Cleaned[[#This Row],[Total Budget ]] -> 0.01336 | AA2: =(W:W-V:V)/W:W -> -0.13456104
A3: P002 | B3: X | C3: 45750 | D3: Text | E3: Check out our latest text on twitter! | F3: 4054 | G3: 389 | H3: 493 | I3: 64864 | J3: 64383 | K3: 117 | L3: #TeslaCoInnovation | M3: #BetterWithTesla | O3: ModelYCampaign | P3: =IFERROR(((Posts_Cleaned[[#This Row],[Likes]]+Posts_Cleaned[[#This Row],[Shares]]+Posts_Cleaned[[#This Row],[Comments]])/Posts_Cleaned[[#This Row],[Impressions]]),0) -> 0.076097681 | Q3: =_xlfn.TEXTJOIN(", ", TRUE, Posts_Cleaned[[#This Row],[Hashtags Used.1]], Posts_Cleaned[[#This Row],[Hashtags Used.2]], Posts_Cleaned[[#This Row],[Hashtags Used.3]]) -> #TeslaCoInnovation, #BetterWithTesla | R3: =VLOOKUP(Posts_Cleaned[[#This Row],[Campaign_Name]],'Campaign Metadata Dataset '!$A$2:$B$5,2,0) -> 45566 | S3: =VLOOKUP(Posts_Cleaned[[#This Row],[Campaign_Name]],'Campaign Metadata Dataset '!$A$1:$C$5,3,0) -> 45596 | T3: =IF(AND(C3>R3, C3<=S3),"During Campaign","Before Campaign") -> Before Campaign | U3: =SUM(Posts_Cleaned[[#This Row],[Likes]]+Posts_Cleaned[[#This Row],[Shares]]+Posts_Cleaned[[#This Row],[Comments]]+Posts_Cleaned[[#This Row],[Clicks]]) -> 5053 | V3: =AVERAGEIF(Posts_Cleaned[[#This Row],[Period]]:T:T,"Before Campaign",Posts_Cleaned[[#This Row],[Engagement Rate ]]) -> 0.14572925 | W3: =AVERAGEIF($T$2:$T$302,"During Campaign",P3) -> 0.18027698 | X3: =(Posts_Cleaned[[#This Row],[During ]]-Posts_Cleaned[[#This Row],[Before ]])/Posts_Cleaned[[#This Row],[During ]] -> 0.19163697 | Y3: =IFERROR(VLOOKUP(O3, 'Campaign Metadata Dataset '!$A$1:$G$5,5,0),0) -> 200000 | Z3: =(F:F+G:G+H:H+K:K)/Y:Y -> 0.025265 | AA3: =(W:W-V:V)/W:W -> 0.19163697
A4: P003 | B4: YouTube | C4: 45789 | D4: Reel | E4: Check out our latest reel on youtube! | F4: 2795 | G4: 105 | H4: 49 | I4: 53105 | J4: 52307 | K4: 204 | L4: #TeslaCoInnovation | O4: FSDUpdate | P4: =IFERROR(((Posts_Cleaned[[#This Row],[Likes]]+Posts_Cleaned[[#This Row],[Shares]]+Posts_Cleaned[[#This Row],[Comments]])/Posts_Cleaned[[#This Row],[Impressions]]),0) -> 0.055531494 | Q4: =_xlfn.TEXTJOIN(", ", TRUE, Posts_Cleaned[[#This Row],[Hashtags Used.1]], Posts_Cleaned[[#This Row],[Hashtags Used.2]], Posts_Cleaned[[#This Row],[Hashtags Used.3]]) -> #TeslaCoInnovation | R4: =VLOOKUP(Posts_Cleaned[[#This Row],[Campaign_Name]],'Campaign Metadata Dataset '!$A$2:$B$5,2,0) -> 45651 | S4: =VLOOKUP(Posts_Cleaned[[#This Row],[Campaign_Name]],'Campaign Metadata Dataset '!$A$1:$C$5,3,0) -> 45667 | T4: =IF(AND(C4>R4, C4<=S4),"During Campaign","Before Campaign") -> Before Campaign | U4: =SUM(Posts_Cleaned[[#This Row],[Likes]]+Posts_Cleaned[[#This Row],[Shares]]+Posts_Cleaned[[#This Row],[Comments]]+Posts_Cleaned[[#This Row],[Clicks]]) -> 3153 | V4: =AVERAGEIF(Posts_Cleaned[[#This Row],[Period]]:T:T,"Before Campaign",Posts_Cleaned[[#This Row],[Engagement Rate ]]) -> 0.14082149 | W4: =AVERAGEIF($T$2:$T$302,"During Campaign",P4) -> 0.16154791 | X4: =(Posts_Cleaned[[#This Row],[During ]]-Posts_Cleaned[[#This Row],[Before ]])/Posts_Cleaned[[#This Row],[During ]] -> 0.12829894 | Y4: =IFERROR(VLOOKUP(O4, 'Campaign Metadata Dataset '!$A$1:$G$5,5,0),0) -> 250000 | Z4: =(F:F+G:G+H:H+K:K)/Y:Y -> 0.012612 | AA4: =(W:W-V:V)/W:W -> 0.12829894
A5: P004 | B5: Instagram | C5: 45516 | D5: Story | E5: Check out our latest story on instagram! | F5: 2404 | G5: 363 | H5: 138 | I5: 19232 | J5: 18636 | K5: 128 | L5: #EVRevolution | O5: SustainabilityDrive | P5: =IFERROR(((Posts_Cleaned[[#This Row],[Likes]]+Posts_Cleaned[[#This Row],[Shares]]+Posts_Cleaned[[#This Row],[Comments]])/Posts_Cleaned[[#This Row],[Impressions]]),0) -> 0.15105033 | Q5: =_xlfn.TEXTJOIN(", ", TRUE, Posts_Cleaned[[#This Row],[Hashtags Used.1]], Posts_Cleaned[[#This Row],[Hashtags Used.2]], Posts_Cleaned[[#This Row],[Hashtags Used.3]]) -> #EVRevolution | R5: =VLOOKUP(Posts_Cleaned[[#This Row],[Campaign_Name]],'Campaign Metadata Dataset '!$A$2:$B$5,2,0) -> 45717 | S5: =VLOOKUP(Posts_Cleaned[[#This Row],[Campaign_Name]],'Campaign Metadata Dataset '!$A$1:$C$5,3,0) -> 45747 | T5: =IF(AND(C5>R5, C5<=S5),"During Campaign","Before Campaign") -> Before Campaign | U5: =SUM(Posts_Cleaned[[#This Row],[Likes]]+Posts_Cleaned[[#This Row],[Shares]]+Posts_Cleaned[[#This Row],[Comments]]+Posts_Cleaned[[#This Row],[Clicks]]) -> 3033 | V5: =AVERAGEIF(Posts_Cleaned[[#This Row],[Period]]:T:T,"Before Campaign",Posts_Cleaned[[#This Row],[Engagement Rate ]]) -> 0.15032951 | W5: =AVERAGEIF($T$2:$T$302,"During Campaign",P5) -> 0.14598514 | X5: =(Posts_Cleaned[[#This Row],[During ]]-Posts_Cleaned[[#This Row],[Before ]])/Posts_Cleaned[[#This Row],[During ]] -> -0.029758991 | Y5: =IFERROR(VLOOKUP(O5, 'Campaign Metadata Dataset '!$A$1:$G$5,5,0),0) -> 180000 | Z5: =(F:F+G:G+H:H+K:K)/Y:Y -> 0.01685 | AA5: =(W:W-V:V)/W:W -> -0.029758991
A6: P005 | B6: YouTube | C6: 45469 | D6: Reel | E6: Check out our latest reel on youtube! | F6: 3557 | G6: 687 | H6: 424 | I6: 71140 | J6: 70701 | K6: 224 | L6: #EVRevolution | M6: #TeslaCoInnovation | O6: CybertruckLaunch | P6: =IFERROR(((Posts_Cleaned[[#This Row],[Likes]]+Posts_Cleaned[[#This Row],[Shares]]+Posts_Cleaned[[#This Row],[Comments]])/Posts_Cleaned[[#This Row],[Impressions]]),0) -> 0.065617093 | Q6: =_xlfn.TEXTJOIN(", ", TRUE, Posts_Cleaned[[#This Row],[Hashtags Used.1]], Posts_Cleaned[[#This Row],[Hashtags Used.2]], Posts_Cleaned[[#This Row],[Hashtags Used.3]]) -> #EVRevolution, #TeslaCoInnovation | R6: =VLOOKUP(Posts_Cleaned[[#This Row],[Campaign_Name]],'Campaign Metadata Dataset '!$A$2:$B$5,2,0) -> 45458 | S6: =VLOOKUP(Posts_Cleaned[[#This Row],[Campaign_Name]],'Campaign Metadata Dataset '!$A$1:$C$5,3,0) -> 45488 | T6: =IF(AND(C6>R6, C6<=S6),"During Campaign","Before Campaign") -> During Campaign | U6: =SUM(Posts_Cleaned[[#This Row],[Likes]]+Posts_Cleaned[[#This Row],[Shares]]+Posts_Cleaned[[#This Row],[Comments]]+Posts_Cleaned[[#This Row],[Clicks]]) -> 4892 | V6: =AVERAGEIF(Posts_Cleaned[[#This Row],[Period]]:T:T,"Before Campaign",Posts_Cleaned[[#This Row],[Engagement Rate ]]) -> 0.14805747 | W6: =AVERAGEIF($T$2:$T$302,"During Campaign",P6) -> 0.15787463 | X6: =(Posts_Cleaned[[#This Row],[During ]]-Posts_Cleaned[[#This Row],[Before ]])/Posts_Cleaned[[#This Row],[During ]] -> 0.062183265 | Y6: =IFERROR(VLOOKUP(O6, 'Campaign Metadata Dataset '!$A$1:$G$5,5,0),0) -> 150000 | Z6: =(F:F+G:G+H:H+K:K)/Y:Y -> 0.032613333 | AA6: =(W:W-V:V)/W:W -> 0.062183265
A7: P006 | B7: Facebook | C7: 45596 | D7: Carousel | E7: Check out our latest carousel on facebook! | F7: 2945 | G7: 930 | H7: 355 | I7: 23560 | J7: 23275 | K7: 256 | L7: #TeslaCoInnovation | O7: ModelYCampaign | P7: =IFERROR(((Posts_Cleaned[[#This Row],[Likes]]+Posts_Cleaned[[#This Row],[Shares]]+Posts_Cleaned[[#This Row],[Comments]])/Posts_Cleaned[[#This Row],[Impressions]]),0) -> 0.1795416 | Q7: =_xlfn.TEXTJOIN(", ", TRUE, Posts_Cleaned[[#This Row],[Hashtags Used.1]], Posts_Cleaned[[#This Row],[Hashtags Used.2]], Posts_Cleaned[[#This Row],[Hashtags Used.3]]) -> #TeslaCoInnovation | R7: =VLOOKUP(Posts_Cleaned[[#This Row],[Campaign_Name]],'Campaign Metadata Dataset '!$A$2:$B$5,2,0) -> 45566 | S7: =VLOOKUP(Posts_Cleaned[[#This Row],[Campaign_Name]],'Campaign Metadata Dataset '!$A$1:$C$5,3,0) -> 45596 | T7: =IF(AND(C7>R7, C7<=S7),"During Campaign","Before Campaign") -> During Campaign | U7: =SUM(Posts_Cleaned[[#This Row],[Likes]]+Posts_Cleaned[[#This Row],[Shares]]+Posts_Cleaned[[#This Row],[Comments]]+Posts_Cleaned[[#This Row],[Clicks]]) -> 4486 | V7: =AVERAGEIF(Posts_Cleaned[[#This Row],[Period]]:T:T,"Before Campaign",Posts_Cleaned[[#This Row],[Engagement Rate ]]) -> 0.14973769 | W7: =AVERAGEIF($T$2:$T$302,"During Campaign",P7) -> 0.14999161 | X7: =(Posts_Cleaned[[#This Row],[During ]]-Posts_Cleaned[[#This Row],[Before ]])/Posts_Cleaned[[#This Row],[During ]] -> 0.0016928592 | Y7: =IFERROR(VLOOKUP(O7, 'Campaign Metadata Dataset '!$A$1:$G$5,5,0),0) -> 200000 | Z7: =(F:F+G:G+H:H+K:K)/Y:Y -> 0.02243 | AA7: =(W:W-V:V)/W:W -> 0.0016928592
A8: P007 | B8: X | C8: 45467 | D8: Carousel | E8: Check out our latest carousel on twitter! | F8: 3860 | G8: 201 | H8: 279 | I8: 61760 | J8: 61660 | K8: 235 | L8: #TeslaCoInnovation | O8: ModelYCampaign | P8: =IFERROR(((Posts_Cleaned[[#This Row],[Likes]]+Posts_Cleaned[[#This Row],[Shares]]+Posts_Cleaned[[#This Row],[Comments]])/Posts_Cleaned[[#This Row],[Impressions]]),0) -> 0.070272021 | Q8: =_xlfn.TEXTJOIN(", ", TRUE, Posts_Cleaned[[#This Row],[Hashtags Used.1]], Posts_Cleaned[[#This Row],[Hashtags Used.2]], Posts_Cleaned[[#This Row],[Hashtags Used.3]]) -> #TeslaCoInnovation | R8: =VLOOKUP(Posts_Cleaned[[#This Row],[Campaign_Name]],'Campaign Metadata Dataset '!$A$2:$B$5,2,0) -> 45566 | S8: =VLOOKUP(Posts_Cleaned[[#This Row],[Campaign_Name]],'Campaign Metadata Dataset '!$A$1:$C$5,3,0) -> 45596 | T8: =IF(AND(C8>R8, C8<=S8),"During Campaign","Before Campaign") -> Before Campaign | U8: =SUM(Posts_Cleaned[[#This Row],[Likes]]+Posts_Cleaned[[#This Row],[Shares]]+Posts_Cleaned[[#This Row],[Comments]]+Posts_Cleaned[[#This Row],[Clicks]]) -> 4575 | V8: =AVERAGEIF(Posts_Cleaned[[#This Row],[Period]]:T:T,"Before Campaign",Posts_Cleaned[[#This Row],[Engagement Rate ]]) -> 0.15113022 | W8: =AVERAGEIF($T$2:$T$302,"During Campaign",P8) -> 0.15368622 | X8: =(Posts_Cleaned[[#This Row],[During ]]-Posts_Cleaned[[#This Row],[Before ]])/Posts_Cleaned[[#This Row],[During ]] -> 0.016631289 | Y8: =IFERROR(VLOOKUP(O8, 'Campaign Metadata Dataset '!$A$1:$G$5,5,0),0) -> 200000 | Z8: =(F:F+G:G+H:H+K:K)/Y:Y -> 0.022875 | AA8: =(W:W-V:V)/W:W -> 0.016631289
A9: P008 | B9: YouTube | C9: 45486 | D9: Image | E9: Check out our latest image on youtube! | F9: 3929 | G9: 262 | H9: 278 | I9: 43219 | J9: 42841 | K9: 39 | L9: #EVRevolution | O9: SustainabilityDrive | P9: =IFERROR(((Posts_Cleaned[[#This Row],[Likes]]+Posts_Cleaned[[#This Row],[Shares]]+Posts_Cleaned[[#This Row],[Comments]])/Posts_Cleaned[[#This Row],[Impressions]]),0) -> 0.1034036 | Q9: =_xlfn.TEXTJOIN(", ", TRUE, Posts_Cleaned[[#This Row],[Hashtags Used.1]], Posts_Cleaned[[#This Row],[Hashtags Used.2]], Posts_Cleaned[[#This Row],[Hashtags Used.3]]) -> #EVRevolution | R9: =VLOOKUP(Posts_Cleaned[[#This Row],[Campaign_Name]],'Campaign Metadata Dataset '!$A$2:$B$5,2,0) -> 45717 | S9: =VLOOKUP(Posts_Cleaned[[#This Row],[Campaign_Name]],'Campaign Metadata Dataset '!$A$1:$C$5,3,0) -> 45747 | T9: =IF(AND(C9>R9, C9<=S9),"During Campaign","Before Campaign") -> Before Campaign | U9: =SUM(Posts_Cleaned[[#This Row],[Likes]]+Posts_Cleaned[[#This Row],[Shares]]+Posts_Cleaned[[#This Row],[Comments]]+Posts_Cleaned[[#This Row],[Clicks]]) -> 4508 | V9: =AVERAGEIF(Posts_Cleaned[[#This Row],[Period]]:T:T,"Before Campaign",Posts_Cleaned[[#This Row],[Engagement Rate ]]) -> 0.15662962 | W9: =AVERAGEIF($T$2:$T$302,"During Campaign",P9) -> 0.14010367 | X9: =(Posts_Cleaned[[#This Row],[During ]]-Posts_Cleaned[[#This Row],[Before ]])/Posts_Cleaned[[#This Row],[During ]] -> -0.11795518 | Y9: =IFERROR(VLOOKUP(O9, 'Campaign Metadata Dataset '!$A$1:$G$5,5,0),0) -> 180000 | Z9: =(F:F+G:G+H:H+K:K)/Y:Y -> 0.025044444 | AA9: =(W:W-V:V)/W:W -> -0.11795518
A10: P009 | B10: Facebook | C10: 45534 | D10: Text | E10: Check out our latest text on facebook! | F10: 3784 | G10: 808 | H10: 404 | I10: 56760 | J10: 56343 | K10: 131 | L10: #TeslaCoInnovation | O10: ModelYCampaign | P10: =IFERROR(((Posts_Cleaned[[#This Row],[Likes]]+Posts_Cleaned[[#This Row],[Shares]]+Posts_Cleaned[[#This Row],[Comments]])/Posts_Cleaned[[#This Row],[Impressions]]),0) -> 0.088019732 | Q10: =_xlfn.TEXTJOIN(", ", TRUE, Posts_Cleaned[[#This Row],[Hashtags Used.1]], Posts_Cleaned[[#This Row],[Hashtags Used.2]], Posts_Cleaned[[#This Row],[Hashtags Used.3]]) -> #TeslaCoInnovation | R10: =VLOOKUP(Posts_Cleaned[[#This Row],[Campaign_Name]],'Campaign Metadata Dataset '!$A$2:$B$5,2,0) -> 45566 | S10: =VLOOKUP(Posts_Cleaned[[#This Row],[Campaign_Name]],'Campaign Metadata Dataset '!$A$1:$C$5,3,0) -> 45596 | T10: =IF(AND(C10>R10, C10<=S10),"During Campaign","Before Campaign") -> Before Campaign | U10: =SUM(Posts_Cleaned[[#This Row],[Likes]]+Posts_Cleaned[[#This Row],[Shares]]+Posts_Cleaned[[#This Row],[Comments]]+Posts_Cleaned[[#This Row],[Clicks]]) -> 5127 | V10: =AVERAGEIF(Posts_Cleaned[[#This Row],[Period]]:T:T,"Before Campaign",Posts_Cleaned[[#This Row],[Engagement Rate ]]) -> 0.15343465 | W10: =AVERAGEIF($T$2:$T$302,"During Campaign",P10) -> 0.12142417 | X10: =(Posts_Cleaned[[#This Row],[During ]]-Posts_Cleaned[[#This Row],[Before ]])/Posts_Cleaned[[#This Row],[During ]] -> -0.26362521 | Y10: =IFERROR(VLOOKUP(O10, 'Campaign Metadata Dataset '!$A$1:$G$5,5,0),0) -> 200000 | Z10: =(F:F+G:G+H:H+K:K)/Y:Y -> 0.025635 | AA10: =(W:W-V:V)/W:W -> -0.26362521
A11: P010 | B11: Facebook | C11: 45727 | D11: Image | E11: Check out our latest image on facebook! | F11: 4241 | G11: 902 | H11: 47 | I11: 72097 | J11: 71598 | K11: 167 | L11: #TeslaCoInnovation | O11: ModelYCampaign | P11: =IFERROR(((Posts_Cleaned[[#This Row],[Likes]]+Posts_Cleaned[[#This Row],[Shares]]+Posts_Cleaned[[#This Row],[Comments]])/Posts_Cleaned[[#This Row],[Impressions]]),0) -> 0.071986352 | Q11: =_xlfn.TEXTJOIN(", ", TRUE, Posts_Cleaned[[#This Row],[Hashtags Used.1]], Posts_Cleaned[[#This Row],[Hashtags Used.2]], Posts_Cleaned[[#This Row],[Hashtags Used.3]]) -> #TeslaCoInnovation | R11: =VLOOKUP(Posts_Cleaned[[#This Row],[Campaign_Name]],'Campaign Metadata Dataset '!$A$2:$B$5,2,0) -> 45566 | S11: =VLOOKUP(Posts_Cleaned[[#This Row],[Campaign_Name]],'Campaign Metadata Dataset '!$A$1:$C$5,3,0) -> 45596 | T11: =IF(AND(C11>R11, C11<=S11),"During Campaign","Before Campaign") -> Before Campaign | U11: =SUM(Posts_Cleaned[[#This Row],[Likes]]+Posts_Cleaned[[#This Row],[Shares]]+Posts_Cleaned[[#This Row],[Comments]]+Posts_Cleaned[[#This Row],[Clicks]]) -> 5357 | V11: =AVERAGEIF(Posts_Cleaned[[#This Row],[Period]]:T:T,"Before Campaign",Posts_Cleaned[[#This Row],[Engagement Rate ]]) -> 0.15445597 | W11: =AVERAGEIF($T$2:$T$302,"During Campaign",P11) -> 0.1158695 | X11: =(Posts_Cleaned[[#This Row],[During ]]-Posts_Cleaned[[#This Row],[Before ]])/Posts_Cleaned[[#This Row],[During ]] -> -0.33301661 | Y11: =IFERROR(VLOOKUP(O11, 'Campaign Metadata Dataset '!$A$1:$G$5,5,0),0) -> 200000 | Z11: =(F:F+G:G+H:H+K:K)/Y:Y -> 0.026785 | AA11: =(W:W-V:V)/W:W -> -0.33301661
A12: P011 | B12: Instagram | C12: 45690 | D12: Story | E12: Check out our latest story on instagram! | F12: 1792 | G12: 614 | H12: 497 | I12: 25088 | J12: 24675 | K12: 65 | L12: #FutureOfDriving | O12: SustainabilityDrive | P12: =IFERROR(((Posts_Cleaned[[#This Row],[Likes]]+Posts_Cleaned[[#This Row],[Shares]]+Posts_Cleaned[[#This Row],[Comments]])/Posts_Cleaned[[#This Row],[Impressions]]),0) -> 0.11571269 | Q12: =_xlfn.TEXTJOIN(", ", TRUE, Posts_Cleaned[[#This Row],[Hashtags Used.1]], Posts_Cleaned[[#This Row],[Hashtags Used.2]], Posts_Cleaned[[#This Row],[Hashtags Used.3]]) -> #FutureOfDriving | R12: =VLOOKUP(Posts_Cleaned[[#This Row],[Campaign_Name]],'Campaign Metadata Dataset '!$A$2:$B$5,2,0) -> 45717 | S12: =VLOOKUP(Posts_Cleaned[[#This Row],[Campaign_Name]],'Campaign Metadata Dataset '!$A$1:$C$5,3,0) -> 45747 | T12: =IF(AND(C12>R12, C12<=S12),"During Campaign","Before Campaign") -> Before Campaign | U12: =SUM(Posts_Cleaned[[#This Row],[Likes]]+Posts_Cleaned[[#This Row],[Shares]]+Posts_Cleaned[[#This Row],[Comments]]+Posts_Cleaned[[#This Row],[Clicks]]) -> 2968 | V12: =AVERAGEIF(Posts_Cleaned[[#This Row],[Period]]:T:T,"Before Campaign",Posts_Cleaned[[#This Row],[Engagement Rate ]]) -> 0.14062878 | W12: =AVERAGEIF($T$2:$T$302,"During Campaign",P12) -> 0.12898688 | X12: =(Posts_Cleaned[[#This Row],[During ]]-Posts_Cleaned[[#This Row],[Before ]])/Posts_Cleaned[[#This Row],[During ]] -> -0.090256459 | Y12: =IFERROR(VLOOKUP(O12, 'Campaign Metadata Dataset '!$A$1:$G$5,5,0),0) -> 180000 | Z12: =(F:F+G:G+H:H+K:K)/Y:Y -> 0.016488889 | AA12: =(W:W-V:V)/W:W -> -0.090256459
A13: P012 | B13: Facebook | C13: 45494 | D13: Reel | E13: Check out our latest reel on facebook! | F13: 1946 | G13: 686 | H13: 377 | I13: 23352 | J13: 22982 | K13: 213 | L13: #FutureOfDriving | O13: FSDUpdate | P13: =IFERROR(((Posts_Cleaned[[#This Row],[Likes]]+Posts_Cleaned[[#This Row],[Shares]]+Posts_Cleaned[[#This Row],[Comments]])/Posts_Cleaned[[#This Row],[Impressions]]),0) -> 0.12885406 | Q13: =_xlfn.TEXTJOIN(", ", TRUE, Posts_Cleaned[[#This Row],[Hashtags Used.1]], Posts_Cleaned[[#This Row],[Hashtags Used.2]], Posts_Cleaned[[#This Row],[Hashtags Used.3]]) -> #FutureOfDriving | R13: =VLOOKUP(Posts_Cleaned[[#This Row],[Campaign_Name]],'Campaign Metadata Dataset '!$A$2:$B$5,2,0) -> 45651 | S13: =VLOOKUP(Posts_Cleaned[[#This Row],[Campaign_Name]],'Campaign Metadata Dataset '!$A$1:$C$5,3,0) -> 45667 | T13: =IF(AND(C13>R13, C13<=S13),"During Campaign","Before Campaign") -> Before Campaign | U13: =SUM(Posts_Cleaned[[#This Row],[Likes]]+Posts_Cleaned[[#This Row],[Shares]]+Posts_Cleaned[[#This Row],[Comments]]+Posts_Cleaned[[#This Row],[Clicks]]) -> 3222 | V13: =AVERAGEIF(Posts_Cleaned[[#This Row],[Period]]:T:T,"Before Campaign",Posts_Cleaned[[#This Row],[Engagement Rate ]]) -> 0.15123177 | W13: =AVERAGEIF($T$2:$T$302,"During Campaign",P13) -> 0.20263431 | X13: =(Posts_Cleaned[[#This Row],[During ]]-Posts_Cleaned[[#This Row],[Before ]])/Posts_Cleaned[[#This Row],[During ]] -> 0.25367142 | Y13: =IFERROR(VLOOKUP(O13, 'Campaign Metadata Dataset '!$A$1:$G$5,5,0),0) -> 250000 | Z13: =(F:F+G:G+H:H+K:K)/Y:Y -> 0.012888 | AA13: =(W:W-V:V)/W:W -> 0.25367142
A14: P013 | B14: YouTube | C14: 45614 | D14: Carousel | E14: Check out our latest carousel on youtube! | F14: 1171 | G14: 286 | H14: 231 | I14: 22249 | J14: 21282 | K14: 114 | L14: #EVRevolution | O14: CybertruckLaunch | P14: =IFERROR(((Posts_Cleaned[[#This Row],[Likes]]+Posts_Cleaned[[#This Row],[Shares]]+Posts_Cleaned[[#This Row],[Comments]])/Posts_Cleaned[[#This Row],[Impressions]]),0) -> 0.075868578 | Q14: =_xlfn.TEXTJOIN(", ", TRUE, Posts_Cleaned[[#This Row],[Hashtags Used.1]], Posts_Cleaned[[#This Row],[Hashtags Used.2]], Posts_Cleaned[[#This Row],[Hashtags Used.3]]) -> #EVRevolution | R14: =VLOOKUP(Posts_Cleaned[[#This Row],[Campaign_Name]],'Campaign Metadata Dataset '!$A$2:$B$5,2,0) -> 45458 | S14: =VLOOKUP(Posts_Cleaned[[#This Row],[Campaign_Name]],'Campaign Metadata Dataset '!$A$1:$C$5,3,0) -> 45488 | T14: =IF(AND(C14>R14, C14<=S14),"During Campaign","Before Campaign") -> Before Campaign | U14: =SUM(Posts_Cleaned[[#This Row],[Likes]]+Posts_Cleaned[[#This Row],[Shares]]+Posts_Cleaned[[#This Row],[Comments]]+Posts_Cleaned[[#This Row],[Clicks]]) -> 1802 | V14: =AVERAGEIF(Posts_Cleaned[[#This Row],[Period]]:T:T,"Before Campaign",Posts_Cleaned[[#This Row],[Engagement Rate ]]) -> 0.14104641 | W14: =AVERAGEIF($T$2:$T$302,"During Campaign",P14) -> 0.14487223 | X14: =(Posts_Cleaned[[#This Row],[During ]]-Posts_Cleaned[[#This Row],[Before ]])/Posts_Cleaned[[#This Row],[During ]] -> 0.026408272 | Y14: =IFERROR(VLOOKUP(O14, 'Campaign Metadata Dataset '!$A$1:$G$5,5,0),0) -> 150000 | Z14: =(F:F+G:G+H:H+K:K)/Y:Y -> 0.012013333 | AA14: =(W:W-V:V)/W:W -> 0.026408272
A15: P014 | B15: Facebook | C15: 45704 | D15: Story | E15: Check out our latest story on facebook! | F15: 4242 | G15: 555 | H15: 131 | I15: 33936 | J15: 33802 | K15: 265 | L15: #FutureOfDriving | P15: =IFERROR(((Posts_Cleaned[[#This Row],[Likes]]+Posts_Cleaned[[#This Row],[Shares]]+Posts_Cleaned[[#This Row],[Comments]])/Posts_Cleaned[[#This Row],[Impressions]]),0) -> 0.14521452 | Q15: =_xlfn.TEXTJOIN(", ", TRUE, Posts_Cleaned[[#This Row],[Hashtags Used.1]], Posts_Cleaned[[#This Row],[Hashtags Used.2]], Posts_Cleaned[[#This Row],[Hashtags Used.3]]) -> #FutureOfDriving | R15: =VLOOKUP(Posts_Cleaned[[#This Row],[Campaign_Name]],'Campaign Metadata Dataset '!$A$2:$B$5,2,0) -> #N/A | S15: =VLOOKUP(Posts_Cleaned[[#This Row],[Campaign_Name]],'Campaign Metadata Dataset '!$A$1:$C$5,3,0) -> #N/A | T15: =IF(AND(C15>R15, C15<=S15),"During Campaign","Before Campaign") -> #N/A | U15: =SUM(Posts_Cleaned[[#This Row],[Likes]]+Posts_Cleaned[[#This Row],[Shares]]+Posts_Cleaned[[#This Row],[Comments]]+Posts_Cleaned[[#This Row],[Clicks]]) -> 5193 | V15: =AVERAGEIF(Posts_Cleaned[[#This Row],[Period]]:T:T,"Before Campaign",Posts_Cleaned[[#This Row],[Engagement Rate ]]) -> 0.14054891 | W15: =AVERAGEIF($T$2:$T$302,"During Campaign",P15) -> 0.2165933 | X15: =(Posts_Cleaned[[#This Row],[During ]]-Posts_Cleaned[[#This Row],[Before ]])/Posts_Cleaned[[#This Row],[During ]] -> 0.35109297 | Y15: =IFERROR(VLOOKUP(O15, 'Campaign Metadata Dataset '!$A$1:$G$5,5,0),0) -> 0 | Z15: 0 | AA15: =(W:W-V:V)/W:W -> 0.35109297
A16: P015 | B16: Facebook | C16: 45589 | D16: Video | E16: Check out our latest video on facebook! | F16: 3888 | G16: 604 | H16: 128 | I16: 77760 | J16: 77167 | K16: 20 | L16: #FutureOfDriving | O16: CybertruckLaunch | P16: =IFERROR(((Posts_Cleaned[[#This Row],[Likes]]+Posts_Cleaned[[#This Row],[Shares]]+Posts_Cleaned[[#This Row],[Comments]])/Posts_Cleaned[[#This Row],[Impressions]]),0) -> 0.05941358 | Q16: =_xlfn.TEXTJOIN(", ", TRUE, Posts_Cleaned[[#This Row],[Hashtags Used.1]], Posts_Cleaned[[#This Row],[Hashtags Used.2]], Posts_Cleaned[[#This Row],[Hashtags Used.3]]) -> #FutureOfDriving | R16: =VLOOKUP(Posts_Cleaned[[#This Row],[Campaign_Name]],'Campaign Metadata Dataset '!$A$2:$B$5,2,0) -> 45458 | S16: =VLOOKUP(Posts_Cleaned[[#This Row],[Campaign_Name]],'Campaign Metadata Dataset '!$A$1:$C$5,3,0) -> 45488 | T16: =IF(AND(C16>R16, C16<=S16),"During Campaign","Before Campaign") -> Before Campaign | U16: =SUM(Posts_Cleaned[[#This Row],[Likes]]+Posts_Cleaned[[#This Row],[Shares]]+Posts_Cleaned[[#This Row],[Comments]]+Posts_Cleaned[[#This Row],[Clicks]]) -> 4640 | V16: =AVERAGEIF(Posts_Cleaned[[#This Row],[Period]]:T:T,"Before Campaign",Posts_Cleaned[[#This Row],[Engagement Rate ]]) -> 0.14759713 | W16: =AVERAGEIF($T$2:$T$302,"During Campaign",P16) -> 0.20701069 | X16: =(Posts_Cleaned[[#This Row],[During ]]-Posts_Cleaned[[#This Row],[Before ]])/Posts_Cleaned[[#This Row],[During ]] -> 0.2870072 | Y16: =IFERROR(VLOOKUP(O16, 'Campaign Metadata Dataset '!$A$1:$G$5,5,0),0) -> 150000 | Z16: =(F:F+G:G+H:H+K:K)/Y:Y -> 0.030933333 | AA16: =(W:W-V:V)/W:W -> 0.2870072
A17: P016 | B17: Facebook | C17: 45530 | D17: Text | E17: Check out our latest text on facebook! | F17: 3452 | G17: 377 | H17: 360 | I17: 55232 | J17: 55075 | K17: 87 | L17: #FutureOfDriving | O17: FSDUpdate | P17: =IFERROR(((Posts_Cleaned[[#This Row],[Likes]]+Posts_Cleaned[[#This Row],[Shares]]+Posts_Cleaned[[#This Row],[Comments]])/Posts_Cleaned[[#This Row],[Impressions]]),0) -> 0.075843714 | Q17: =_xlfn.TEXTJOIN(", ", TRUE, Posts_Cleaned[[#This Row],[Hashtags Used.1]], Posts_Cleaned[[#This Row],[Hashtags Used.2]], Posts_Cleaned[[#This Row],[Hashtags Used.3]]) -> #FutureOfDriving | R17: =VLOOKUP(Posts_Cleaned[[#This Row],[Campaign_Name]],'Campaign Metadata Dataset '!$A$2:$B$5,2,0) -> 45651 | S17: =VLOOKUP(Posts_Cleaned[[#This Row],[Campaign_Name]],'Campaign Metadata Dataset '!$A$1:$C$5,3,0) -> 45667 | T17: =IF(AND(C17>R17, C17<=S17),"During Campaign","Before Campaign") -> Before Campaign | U17: =SUM(Posts_Cleaned[[#This Row],[Likes]]+Posts_Cleaned[[#This Row],[Shares]]+Posts_Cleaned[[#This Row],[Comments]]+Posts_Cleaned[[#This Row],[Clicks]]) -> 4276 | V17: =AVERAGEIF(Posts_Cleaned[[#This Row],[Period]]:T:T,"Before Campaign",Posts_Cleaned[[#This Row],[Engagement Rate ]]) -> 0.14369206 | W17: =AVERAGEIF($T$2:$T$302,"During Campaign",P17) -> 0.14575989 | X17: =(Posts_Cleaned[[#This Row],[During ]]-Posts_Cleaned[[#This Row],[Before ]])/Posts_Cleaned[[#This Row],[During ]] -> 0.014186563 | Y17: =IFERROR(VLOOKUP(O17, 'Campaign Metadata Dataset '!$A$1:$G$5,5,0),0) -> 250000 | Z17: =(F:F+G:G+H:H+K:K)/Y:Y -> 0.017104 | AA17: =(W:W-V:V)/W:W -> 0.014186563
A18: P017 | B18: Facebook | C18: 45782 | D18: Text | E18: Check out our latest text on facebook! | F18: 4441 | G18: 511 | H18: 70 | I18: 53292 | J18: 53082 | K18: 159 | L18: #EVRevolution | O18: SustainabilityDrive | P18: =IFERROR(((Posts_Cleaned[[#This Row],[Likes]]+Posts_Cleaned[[#This Row],[Shares]]+Posts_Cleaned[[#This Row],[Comments]])/Posts_Cleaned[[#This Row],[Impressions]]),0) -> 0.094235533 | Q18: =_xlfn.TEXTJOIN(", ", TRUE, Posts_Cleaned[[#This Row],[Hashtags Used.1]], Posts_Cleaned[[#This Row],[Hashtags Used.2]], Posts_Cleaned[[#This Row],[Hashtags Used.3]]) -> #EVRevolution | R18: =VLOOKUP(Posts_Cleaned[[#This Row],[Campaign_Name]],'Campaign Metadata Dataset '!$A$2:$B$5,2,0) -> 45717 | S18: =VLOOKUP(Posts_Cleaned[[#This Row],[Campaign_Name]],'Campaign Metadata Dataset '!$A$1:$C$5,3,0) -> 45747 | T18: =IF(AND(C18>R18, C18<=S18),"During Campaign","Before Campaign") -> Before Campaign | U18: =SUM(Posts_Cleaned[[#This Row],[Likes]]+Posts_Cleaned[[#This Row],[Shares]]+Posts_Cleaned[[#This Row],[Comments]]+Posts_Cleaned[[#This Row],[Clicks]]) -> 5181 | V18: =AVERAGEIF(Posts_Cleaned[[#This Row],[Period]]:T:T,"Before Campaign",Posts_Cleaned[[#This Row],[Engagement Rate ]]) -> 0.14927162 | W18: =AVERAGEIF($T$2:$T$302,"During Campaign",P18) -> 0.20432316 | X18: =(Posts_Cleaned[[#This Row],[During ]]-Posts_Cleaned[[#This Row],[Before ]])/Posts_Cleaned[[#This Row],[During ]] -> 0.26943369 | Y18: =IFERROR(VLOOKUP(O18, 'Campaign Metadata Dataset '!$A$1:$G$5,5,0),0) -> 180000 | Z18: =(F:F+G:G+H:H+K:K)/Y:Y -> 0.028783333 | AA18: =(W:W-V:V)/W:W -> 0.26943369
A19: P018 | B19: Instagram | C19: 45523 | D19: Reel | E19: Check out our latest reel on instagram! | F19: 3000 | G19: 382 | H19: 325 | I19: 36000 | J19: 35819 | K19: 19 | L19: #FutureOfDriving | O19: CybertruckLaunch | P19: =IFERROR(((Posts_Cleaned[[#This Row],[Likes]]+Posts_Cleaned[[#This Row],[Shares]]+Posts_Cleaned[[#This Row],[Comments]])/Posts_Cleaned[[#This Row],[Impressions]]),0) -> 0.10297222 | Q19: =_xlfn.TEXTJOIN(", ", TRUE, Posts_Cleaned[[#This Row],[Hashtags Used.1]], Posts_Cleaned[[#This Row],[Hashtags Used.2]], Posts_Cleaned[[#This Row],[Hashtags Used.3]]) -> #FutureOfDriving | R19: =VLOOKUP(Posts_Cleaned[[#This Row],[Campaign_Name]],'Campaign Metadata Dataset '!$A$2:$B$5,2,0) -> 45458 | S19: =VLOOKUP(Posts_Cleaned[[#This Row],[Campaign_Name]],'Campaign Metadata Dataset '!$A$1:$C$5,3,0) -> 45488 | T19: =IF(AND(C19>R19, C19<=S19),"During Campaign","Before Campaign") -> Before Campaign | U19: =SUM(Posts_Cleaned[[#This Row],[Likes]]+Posts_Cleaned[[#This Row],[Shares]]+Posts_Cleaned[[#This Row],[Comments]]+Posts_Cleaned[[#This Row],[Clicks]]) -> 3726 | V19: =AVERAGEIF(Posts_Cleaned[[#This Row],[Period]]:T:T,"Before Campaign",Posts_Cleaned[[#This Row],[Engagement Rate ]]) -> 0.14617288 | W19: =AVERAGEIF($T$2:$T$302,"During Campaign",P19) -> 0.16177417 | X19: =(Posts_Cleaned[[#This Row],[During ]]-Posts_Cleaned[[#This Row],[Before ]])/Posts_Cleaned[[#This Row],[During ]] -> 0.096438693 | Y19: =IFERROR(VLOOKUP(O19, 'Campaign Metadata Dataset '!$A$1:$G$5,5,0),0) -> 150000 | Z19: =(F:F+G:G+H:H+K:K)/Y:Y -> 0.02484 | AA19: =(W:W-V:V)/W:W -> 0.096438693
A20: P019 | B20: Instagram | C20: 45466 | D20: Video | E20: Check out our latest video on instagram! | F20: 1071 | G20: 519 | H20: 22 | I20: 16065 | J20: 15865 | K20: 103 | L20: #TeslaCoInnovation | O20: SustainabilityDrive | P20: =IFERROR(((Posts_Cleaned[[#This Row],[Likes]]+Posts_Cleaned[[#This Row],[Shares]]+Posts_Cleaned[[#This Row],[Comments]])/Posts_Cleaned[[#This Row],[Impressions]]),0) -> 0.10034236 | Q20: =_xlfn.TEXTJOIN(", ", TRUE, Posts_Cleaned[[#This Row],[Hashtags Used.1]], Posts_Cleaned[[#This Row],[Hashtags Used.2]], Posts_Cleaned[[#This Row],[Hashtags Used.3]]) -> #TeslaCoInnovation | R20: =VLOOKUP(Posts_Cleaned[[#This Row],[Campaign_Name]],'Campaign Metadata Dataset '!$A$2:$B$5,2,0) -> 45717 | S20: =VLOOKUP(Posts_Cleaned[[#This Row],[Campaign_Name]],'Campaign Metadata Dataset '!$A$1:$C$5,3,0) -> 45747 | T20: =IF(AND(C20>R20, C20<=S20),"During Campaign","Before Campaign") -> Before Campaign | U20: =SUM(Posts_Cleaned[[#This Row],[Likes]]+Posts_Cleaned[[#This Row],[Shares]]+Posts_Cleaned[[#This Row],[Comments]]+Posts_Cleaned[[#This Row],[Clicks]]) -> 1715 | V20: =AVERAGEIF(Posts_Cleaned[[#This Row],[Period]]:T:T,"Before Campaign",Posts_Cleaned[[#This Row],[Engagement Rate ]]) -> 0.14979441 | W20: =AVERAGEIF($T$2:$T$302,"During Campaign",P20) -> 0.1737095 | X20: =(Posts_Cleaned[[#This Row],[During ]]-Posts_Cleaned[[#This Row],[Before ]])/Posts_Cleaned[[#This Row],[During ]] -> 0.13767289 | Y20: =IFERROR(VLOOKUP(O20, 'Campaign Metadata Dataset '!$A$1:$G$5,5,0),0) -> 180000 | Z20: =(F:F+G:G+H:H+K:K)/Y:Y -> 0.0095277778 | AA20: =(W:W-V:V)/W:W -> 0.13767289
A21: P020 | B21: Instagram | C21: 45544 | D21: Carousel | E21: Check out our latest carousel on instagram! | F21: 4054 | G21: 488 | H21: 373 | I21: 77026 | J21: 76881 | K21: 25 | L21: #TeslaCoInnovation | O21: CybertruckLaunch | P21: =IFERROR(((Posts_Cleaned[[#This Row],[Likes]]+Posts_Cleaned[[#This Row],[Shares]]+Posts_Cleaned[[#This Row],[Comments]])/Posts_Cleaned[[#This Row],[Impressions]]),0) -> 0.063809623 | Q21: =_xlfn.TEXTJOIN(", ", TRUE, Posts_Cleaned[[#This Row],[Hashtags Used.1]], Posts_Cleaned[[#This Row],[Hashtags Used.2]], Posts_Cleaned[[#This Row],[Hashtags Used.3]]) -> #TeslaCoInnovation | R21: =VLOOKUP(Posts_Cleaned[[#This Row],[Campaign_Name]],'Campaign Metadata Dataset '!$A$2:$B$5,2,0) -> 45458 | S21: =VLOOKUP(Posts_Cleaned[[#This Row],[Campaign_Name]],'Campaign Metadata Dataset '!$A$1:$C$5,3,0) -> 45488 | T21: =IF(AND(C21>R21, C21<=S21),"During Campaign","Before Campaign") -> Before Campaign | U21: =SUM(Posts_Cleaned[[#This Row],[Likes]]+Posts_Cleaned[[#This Row],[Shares]]+Posts_Cleaned[[#This Row],[Comments]]+Posts_Cleaned[[#This Row],[Clicks]]) -> 4940 | V21: =AVERAGEIF(Posts_Cleaned[[#This Row],[Period]]:T:T,"Before Campaign",Posts_Cleaned[[#This Row],[Engagement Rate ]]) -> 0.15667334 | W21: =AVERAGEIF($T$2:$T$302,"During Campaign",P21) -> 0.14948499 | X21: =(Posts_Cleaned[[#This Row],[During ]]-Posts_Cleaned[[#This Row],[Before ]])/Posts_Cleaned[[#This Row],[During ]] -> -0.048087418 | Y21: =IFERROR(VLOOKUP(O21, 'Campaign Metadata Dataset '!$A$1:$G$5,5,0),0) -> 150000 | Z21: =(F:F+G:G+H:H+K:K)/Y:Y -> 0.032933333 | AA21: =(W:W-V:V)/W:W -> -0.048087418
A22: P021 | B22: Instagram | C22: 45661 | D22: Reel | E22: Check out our latest reel on instagram! | F22: 4838 | G22: 640 | H22: 128 | I22: 72570 | J22: 72396 | K22: 83 | L22: #FutureOfDriving | O22: SustainabilityDrive | P22: =IFERROR(((Posts_Cleaned[[#This Row],[Likes]]+Posts_Cleaned[[#This Row],[Shares]]+Posts_Cleaned[[#This Row],[Comments]])/Posts_Cleaned[[#This Row],[Impressions]]),0) -> 0.077249552 | Q22: =_xlfn.TEXTJOIN(", ", TRUE, Posts_Cleaned[[#This Row],[Hashtags Used.1]], Posts_Cleaned[[#This Row],[Hashtags Used.2]], Posts_Cleaned[[#This Row],[Hashtags Used.3]]) -> #FutureOfDriving | R22: =VLOOKUP(Posts_Cleaned[[#This Row],[Campaign_Name]],'Campaign Metadata Dataset '!$A$2:$B$5,2,0) -> 45717 | S22: =VLOOKUP(Posts_Cleaned[[#This Row],[Campaign_Name]],'Campaign Metadata Dataset '!$A$1:$C$5,3,0) -> 45747 | T22: =IF(AND(C22>R22, C22<=S22),"During Campaign","Before Campaign") -> Before Campaign | U22: =SUM(Posts_Cleaned[[#This Row],[Likes]]+Posts_Cleaned[[#This Row],[Shares]]+Posts_Cleaned[[#This Row],[Comments]]+Posts_Cleaned[[#This Row],[Clicks]]) -> 5689 | V22: =AVERAGEIF(Posts_Cleaned[[#This Row],[Period]]:T:T,"Before Campaign",Posts_Cleaned[[#This Row],[Engagement Rate ]]) -> 0.15641971 | W22: =AVERAGEIF($T$2:$T$302,"During Campaign",P22) -> 0.13014816 | X22: =(Posts_Cleaned[[#This Row],[During ]]-Posts_Cleaned[[#This Row],[Before ]])/Posts_Cleaned[[#This Row],[During ]] -> -0.20185879 | Y22: =IFERROR(VLOOKUP(O22, 'Campaign Metadata Dataset '!$A$1:$G$5,5,0),0) -> 180000 | Z22: =(F:F+G:G+H:H+K:K)/Y:Y -> 0.031605556 | AA22: =(W:W-V:V)/W:W -> -0.20185879
A23: P022 | B23: Facebook | C23: 45715 | D23: Text | E23: Check out our latest text on facebook! | F23: 1570 | G23: 187 | H23: 260 | I23: 25120 | J23: 24613 | K23: 133 | L23: #TeslaCoInnovation | O23: SustainabilityDrive | P23: =IFERROR(((Posts_Cleaned[[#This Row],[Likes]]+Posts_Cleaned[[#This Row],[Shares]]+Posts_Cleaned[[#This Row],[Comments]])/Posts_Cleaned[[#This Row],[Impressions]]),0) -> 0.080294586 | Q23: =_xlfn.TEXTJOIN(", ", TRUE, Posts_Cleaned[[#This Row],[Hashtags Used.1]], Posts_Cleaned[[#This Row],[Hashtags Used.2]], Posts_Cleaned[[#This Row],[Hashtags Used.3]]) -> #TeslaCoInnovation | R23: =VLOOKUP(Posts_Cleaned[[#This Row],[Campaign_Name]],'Campaign Metadata Dataset '!$A$2:$B$5,2,0) -> 45717 | S23: =VLOOKUP(Posts_Cleaned[[#This Row],[Campaign_Name]],'Campaign Metadata Dataset '!$A$1:$C$5,3,0) -> 45747 | T23: =IF(AND(C23>R23, C23<=S23),"During Campaign","Before Campaign") -> Before Campaign | U23: =SUM(Posts_Cleaned[[#This Row],[Likes]]+Posts_Cleaned[[#This Row],[Shares]]+Posts_Cleaned[[#This Row],[Comments]]+Posts_Cleaned[[#This Row],[Clicks]]) -> 2150 | V23: =AVERAGEIF(Posts_Cleaned[[#This Row],[Period]]:T:T,"Before Campaign",Posts_Cleaned[[#This Row],[Engagement Rate ]]) -> 0.14740344 | W23: =AVERAGEIF($T$2:$T$302,"During Campaign",P23) -> 0.15893105 | X23: =(Posts_Cleaned[[#This Row],[During ]]-Posts_Cleaned[[#This Row],[Before ]])/Posts_Cleaned[[#This Row],[During ]] -> 0.07253213 | Y23: =IFERROR(VLOOKUP(O23, 'Campaign Metadata Dataset '!$A$1:$G$5,5,0),0) -> 180000 | Z23: =(F:F+G:G+H:H+K:K)/Y:Y -> 0.011944444 | AA23: =(W:W-V:V)/W:W -> 0.07253213
A24: P023 | B24: Facebook | C24: 45602 | D24: Video | E24: Check out our latest video on facebook! | F24: 1606 | G24: 547 | H24: 316 | I24: 32120 | J24: 31736 | K24: 225 | L24: #TeslaCoInnovation | M24: #AnytimeIsTeslaTime | O24: ModelYCampaign | P24: =IFERROR(((Posts_Cleaned[[#This Row],[Likes]]+Posts_Cleaned[[#This Row],[Shares]]+Posts_Cleaned[[#This Row],[Comments]])/Posts_Cleaned[[#This Row],[Impressions]]),0) -> 0.076867995 | Q24: =_xlfn.TEXTJOIN(", ", TRUE, Posts_Cleaned[[#This Row],[Hashtags Used.1]], Posts_Cleaned[[#This Row],[Hashtags Used.2]], Posts_Cleaned[[#This Row],[Hashtags Used.3]]) -> #TeslaCoInnovation, #AnytimeIsTeslaTime | R24: =VLOOKUP(Posts_Cleaned[[#This Row],[Campaign_Name]],'Campaign Metadata Dataset '!$A$2:$B$5,2,0) -> 45566 | S24: =VLOOKUP(Posts_Cleaned[[#This Row],[Campaign_Name]],'Campaign Metadata Dataset '!$A$1:$C$5,3,0) -> 45596 | T24: =IF(AND(C24>R24, C24<=S24),"During Campaign","Before Campaign") -> Before Campaign | U24: =SUM(Posts_Cleaned[[#This Row],[Likes]]+Posts_Cleaned[[#This Row],[Shares]]+Posts_Cleaned[[#This Row],[Comments]]+Posts_Cleaned[[#This Row],[Clicks]]) -> 2694 | V24: =AVERAGEIF(Posts_Cleaned[[#This Row],[Period]]:T:T,"Before Campaign",Posts_Cleaned[[#This Row],[Engagement Rate ]]) -> 0.15478526 | W24: =AVERAGEIF($T$2:$T$302,"During Campaign",P24) -> 0.18960705 | X24: =(Posts_Cleaned[[#This Row],[During ]]-Posts_Cleaned[[#This Row],[Before ]])/Posts_Cleaned[[#This Row],[During ]] -> 0.18365243 | Y24: =IFERROR(VLOOKUP(O24, 'Campaign Metadata Dataset '!$A$1:$G$5,5,0),0) -> 200000 | Z24: =(F:F+G:G+H:H+K:K)/Y:Y -> 0.01347 | AA24: =(W:W-V:V)/W:W -> 0.18365243
A25: P024 | B25: Facebook | C25: 45680 | D25: Video | E25: Check out our latest video on facebook! | F25: 3961 | G25: 761 | H25: 131 | I25: 67337 | J25: 66615 | K25: 161 | L25: #FutureOfDriving | O25: FSDUpdate | P25: =IFERROR(((Posts_Cleaned[[#This Row],[Likes]]+Posts_Cleaned[[#This Row],[Shares]]+Posts_Cleaned[[#This Row],[Comments]])/Posts_Cleaned[[#This Row],[Impressions]]),0) -> 0.072070333 | Q25: =_xlfn.TEXTJOIN(", ", TRUE, Posts_Cleaned[[#This Row],[Hashtags Used.1]], Posts_Cleaned[[#This Row],[Hashtags Used.2]], Posts_Cleaned[[#This Row],[Hashtags Used.3]]) -> #FutureOfDriving | R25: =VLOOKUP(Posts_Cleaned[[#This Row],[Campaign_Name]],'Campaign Metadata Dataset '!$A$2:$B$5,2,0) -> 45651 | S25: =VLOOKUP(Posts_Cleaned[[#This Row],[Campaign_Name]],'Campaign Metadata Dataset '!$A$1:$C$5,3,0) -> 45667 | T25: =IF(AND(C25>R25, C25<=S25),"During Campaign","Before Campaign") -> Before Campaign | U25: =SUM(Posts_Cleaned[[#This Row],[Likes]]+Posts_Cleaned[[#This Row],[Shares]]+Posts_Cleaned[[#This Row],[Comments]]+Posts_Cleaned[[#This Row],[Clicks]]) -> 5014 | V25: =AVERAGEIF(Posts_Cleaned[[#This Row],[Period]]:T:T,"Before Campaign",Posts_Cleaned[[#This Row],[Engagement Rate ]]) -> 0.15728692 | W25: =AVERAGEIF($T$2:$T$302,"During Campaign",P25) -> 0.14645307 | X25: =(Posts_Cleaned[[#This Row],[During ]]-Posts_Cleaned[[#This Row],[Before ]])/Posts_Cleaned[[#This Row],[During ]] -> -0.073974897 | Y25: =IFERROR(VLOOKUP(O25, 'Campaign Metadata Dataset '!$A$1:$G$5,5,0),0) -> 250000 | Z25: =(F:F+G:G+H:H+K:K)/Y:Y -> 0.020056 | AA25: =(W:W-V:V)/W:W -> -0.073974897
A26: P025 | B26: X | C26: 45757 | D26: Carousel | E26: Check out our latest carousel on twitter! | F26: 3128 | G26: 211 | H26: 197 | I26: 59432 | J26: 59182 | K26: 238 | L26: #EVRevolution | P26: =IFERROR(((Posts_Cleaned[[#This Row],[Likes]]+Posts_Cleaned[[#This Row],[Shares]]+Posts_Cleaned[[#This Row],[Comments]])/Posts_Cleaned[[#This Row],[Impressions]]),0) -> 0.059496568 | Q26: =_xlfn.TEXTJOIN(", ", TRUE, Posts_Cleaned[[#This Row],[Hashtags Used.1]], Posts_Cleaned[[#This Row],[Hashtags Used.2]], Posts_Cleaned[[#This Row],[Hashtags Used.3]]) -> #EVRevolution | R26: =VLOOKUP(Posts_Cleaned[[#This Row],[Campaign_Name]],'Campaign Metadata Dataset '!$A$2:$B$5,2,0) -> #N/A | S26: =VLOOKUP(Posts_Cleaned[[#This Row],[Campaign_Name]],'Campaign Metadata Dataset '!$A$1:$C$5,3,0) -> #N/A | T26: =IF(AND(C26>R26, C26<=S26),"During Campaign","Before Campaign") -> #N/A | U26: =SUM(Posts_Cleaned[[#This Row],[Likes]]+Posts_Cleaned[[#This Row],[Shares]]+Posts_Cleaned[[#This Row],[Comments]]+Posts_Cleaned[[#This Row],[Clicks]]) -> 3774 | V26: =AVERAGEIF(Posts_Cleaned[[#This Row],[Period]]:T:T,"Before Campaign",Posts_Cleaned[[#This Row],[Engagement Rate ]]) -> 0.14598198 | W26: =AVERAGEIF($T$2:$T$302,"During Campaign",P26) -> 0.10815794 | X26: =(Posts_Cleaned[[#This Row],[During ]]-Posts_Cleaned[[#This Row],[Before ]])/Posts_Cleaned[[#This Row],[During ]] -> -0.34971118 | Y26: =IFERROR(VLOOKUP(O26, 'Campaign Metadata Dataset '!$A$1:$G$5,5,0),0) -> 0 | Z26: 0 | AA26: =(W:W-V:V)/W:W -> -0.34971118
A27: P026 | B27: YouTube | C27: 45752 | D27: Reel | E27: Check out our latest reel on youtube! | F27: 3009 | G27: 413 | H27: 358 | I27: 42126 | J27: 41309 | K27: 211 | L27: #FutureOfDriving | O27: ModelYCampaign | P27: =IFERROR(((Posts_Cleaned[[#This Row],[Likes]]+Posts_Cleaned[[#This Row],[Shares]]+Posts_Cleaned[[#This Row],[Comments]])/Posts_Cleaned[[#This Row],[Impressions]]),0) -> 0.089730808 | Q27: =_xlfn.TEXTJOIN(", ", TRUE, Posts_Cleaned[[#This Row],[Hashtags Used.1]], Posts_Cleaned[[#This Row],[Hashtags Used.2]], Posts_Cleaned[[#This Row],[Hashtags Used.3]]) -> #FutureOfDriving | R27: =VLOOKUP(Posts_Cleaned[[#This Row],[Campaign_Name]],'Campaign Metadata Dataset '!$A$2:$B$5,2,0) -> 45566 | S27: =VLOOKUP(Posts_Cleaned[[#This Row],[Campaign_Name]],'Campaign Metadata Dataset '!$A$1:$C$5,3,0) -> 45596 | T27: =IF(AND(C27>R27, C27<=S27),"During Campaign","Before Campaign") -> Before Campaign | U27: =SUM(Posts_Cleaned[[#This Row],[Likes]]+Posts_Cleaned[[#This Row],[Shares]]+Posts_Cleaned[[#This Row],[Comments]]+Posts_Cleaned[[#This Row],[Clicks]]) -> 3991 | V27: =AVERAGEIF(Posts_Cleaned[[#This Row],[Period]]:T:T,"Before Campaign",Posts_Cleaned[[#This Row],[Engagement Rate ]]) -> 0.15417875 | W27: =AVERAGEIF($T$2:$T$302,"During Campaign",P27) -> 0.19877262 | X27: =(Posts_Cleaned[[#This Row],[During ]]-Posts_Cleaned[[#This Row],[Before ]])/Posts_Cleaned[[#This Row],[During ]] -> 0.22434611 | Y27: =IFERROR(VLOOKUP(O27, 'Campaign Metadata Dataset '!$A$1:$G$5,5,0),0) -> 200000 | Z27: =(F:F+G:G+H:H+K:K)/Y:Y -> 0.019955 | AA27: =(W:W-V:V)/W:W -> 0.22434611
A28: P027 | B28: YouTube | C28: 45552 | D28: Text | E28: Check out our latest text on youtube! | F28: 2076 | G28: 195 | H28: 104 | I28: 33216 | J28: 32244 | K28: 51 | L28: #FutureOfDriving | O28: SustainabilityDrive | P28: =IFERROR(((Posts_Cleaned[[#This Row],[Likes]]+Posts_Cleaned[[#This Row],[Shares]]+Posts_Cleaned[[#This Row],[Comments]])/Posts_Cleaned[[#This Row],[Impressions]]),0) -> 0.071501686 | Q28: =_xlfn.TEXTJOIN(", ", TRUE, Posts_Cleaned[[#This Row],[Hashtags Used.1]], Posts_Cleaned[[#This Row],[Hashtags Used.2]], Posts_Cleaned[[#This Row],[Hashtags Used.3]]) -> #FutureOfDriving | R28: =VLOOKUP(Posts_Cleaned[[#This Row],[Campaign_Name]],'Campaign Metadata Dataset '!$A$2:$B$5,2,0) -> 45717 | S28: =VLOOKUP(Posts_Cleaned[[#This Row],[Campaign_Name]],'Campaign Metadata Dataset '!$A$1:$C$5,3,0) -> 45747 | T28: =IF(AND(C28>R28, C28<=S28),"During Campaign","Before Campaign") -> Before Campaign | U28: =SUM(Posts_Cleaned[[#This Row],[Likes]]+Posts_Cleaned[[#This Row],[Shares]]+Posts_Cleaned[[#This Row],[Comments]]+Posts_Cleaned[[#This Row],[Clicks]]) -> 2426 | V28: =AVERAGEIF(Posts_Cleaned[[#This Row],[Period]]:T:T,"Before Campaign",Posts_Cleaned[[#This Row],[Engagement Rate ]]) -> 0.16356515 | W28: =AVERAGEIF($T$2:$T$302,"During Campaign",P28) -> 0.19829823 | X28: =(Posts_Cleaned[[#This Row],[During ]]-Posts_Cleaned[[#This Row],[Before ]])/Posts_Cleaned[[#This Row],[During ]] -> 0.17515581 | Y28: =IFERROR(VLOOKUP(O28, 'Campaign Metadata Dataset '!$A$1:$G$5,5,0),0) -> 180000 | Z28: =(F:F+G:G+H:H+K:K)/Y:Y -> 0.013477778 | AA28: =(W:W-V:V)/W:W -> 0.17515581
A29: P028 | B29: Instagram | C29: 45720 | D29: Video | E29: Check out our latest video on instagram! | F29: 432 | G29: 624 | H29: 123 | I29: 6912 | J29: 6259 | K29: 79 | L29: #FutureOfDriving | O29: SustainabilityDrive | P29: =IFERROR(((Posts_Cleaned[[#This Row],[Likes]]+Posts_Cleaned[[#This Row],[Shares]]+Posts_Cleaned[[#This Row],[Comments]])/Posts_Cleaned[[#This Row],[Impressions]]),0) -> 0.17057292 | Q29: =_xlfn.TEXTJOIN(", ", TRUE, Posts_Cleaned[[#This Row],[Hashtags Used.1]], Posts_Cleaned[[#This Row],[Hashtags Used.2]], Posts_Cleaned[[#This Row],[Hashtags Used.3]]) -> #FutureOfDriving | R29: =VLOOKUP(Posts_Cleaned[[#This Row],[Campaign_Name]],'Campaign Metadata Dataset '!$A$2:$B$5,2,0) -> 45717 | S29: =VLOOKUP(Posts_Cleaned[[#This Row],[Campaign_Name]],'Campaign Metadata Dataset '!$A$1:$C$5,3,0) -> 45747 | T29: =IF(AND(C29>R29, C29<=S29),"During Campaign","Before Campaign") -> During Campaign | U29: =SUM(Posts_Cleaned[[#This Row],[Likes]]+Posts_Cleaned[[#This Row],[Shares]]+Posts_Cleaned[[#This Row],[Comments]]+Posts_Cleaned[[#This Row],[Clicks]]) -> 1258 | V29: =AVERAGEIF(Posts_Cleaned[[#This Row],[Period]]:T:T,"Before Campaign",Posts_Cleaned[[#This Row],[Engagement Rate ]]) -> 0.14237469 | W29: =AVERAGEIF($T$2:$T$302,"During Campaign",P29) -> 0.10684433 | X29: =(Posts_Cleaned[[#This Row],[During ]]-Posts_Cleaned[[#This Row],[Before ]])/Posts_Cleaned[[#This Row],[During ]] -> -0.33254328 | Y29: =IFERROR(VLOOKUP(O29, 'Campaign Metadata Dataset '!$A$1:$G$5,5,0),0) -> 180000 | Z29: =(F:F+G:G+H:H+K:K)/Y:Y -> 0.0069888889 | AA29: =(W:W-V:V)/W:W -> -0.33254328
A30: P029 | B30: Instagram | C30: 45688 | D30: Carousel | E30: Check out our latest carousel on instagram! | F30: 2566 | G30: 118 | H30: 37 | I30: 12830 | J30: 12264 | K30: 221 | L30: #FutureOfDriving | O30: FSDUpdate | P30: =IFERROR(((Posts_Cleaned[[#This Row],[Likes]]+Posts_Cleaned[[#This Row],[Shares]]+Posts_Cleaned[[#This Row],[Comments]])/Posts_Cleaned[[#This Row],[Impressions]]),0) -> 0.21208106 | Q30: =_xlfn.TEXTJOIN(", ", TRUE, Posts_Cleaned[[#This Row],[Hashtags Used.1]], Posts_Cleaned[[#This Row],[Hashtags Used.2]], Posts_Cleaned[[#This Row],[Hashtags Used.3]]) -> #FutureOfDriving | R30: =VLOOKUP(Posts_Cleaned[[#This Row],[Campaign_Name]],'Campaign Metadata Dataset '!$A$2:$B$5,2,0) -> 45651 | S30: =VLOOKUP(Posts_Cleaned[[#This Row],[Campaign_Name]],'Campaign Metadata Dataset '!$A$1:$C$5,3,0) -> 45667 | T30: =IF(AND(C30>R30, C30<=S30),"During Campaign","Before Campaign") -> Before Campaign | U30: =SUM(Posts_Cleaned[[#This Row],[Likes]]+Posts_Cleaned[[#This Row],[Shares]]+Posts_Cleaned[[#This Row],[Comments]]+Posts_Cleaned[[#This Row],[Clicks]]) -> 2942 | V30: =AVERAGEIF(Posts_Cleaned[[#This Row],[Period]]:T:T,"Before Campaign",Posts_Cleaned[[#This Row],[Engagement Rate ]]) -> 0.15621542 | W30: =AVERAGEIF($T$2:$T$302,"During Campaign",P30) -> 0.17789449 | X30: =(Posts_Cleaned[[#This Row],[During ]]-Posts_Cleaned[[#This Row],[Before ]])/Posts_Cleaned[[#This Row],[During ]] -> 0.1218648 | Y30: =IFERROR(VLOOKUP(O30, 'Campaign Metadata Dataset '!$A$1:$G$5,5,0),0) -> 250000 | Z30: =(F:F+G:G+H:H+K:K)/Y:Y -> 0.011768 | AA30: =(W:W-V:V)/W:W -> 0.1218648
A31: P030 | B31: Instagram | C31: 45713 | D31: Video | E31: Check out our latest video on instagram! | F31: 3095 | G31: 39 | H31: 78 | I31: 55710 | J31: 54808 | K31: 93 | L31: #EVRevolution | P31: =IFERROR(((Posts_Cleaned[[#This Row],[Likes]]+Posts_Cleaned[[#This Row],[Shares]]+Posts_Cleaned[[#This Row],[Comments]])/Posts_Cleaned[[#This Row],[Impressions]]),0) -> 0.057655717 | Q31: =_xlfn.TEXTJOIN(", ", TRUE, Posts_Cleaned[[#This Row],[Hashtags Used.1]], Posts_Cleaned[[#This Row],[Hashtags Used.2]], Posts_Cleaned[[#This Row],[Hashtags Used.3]]) -> #EVRevolution | R31: =VLOOKUP(Posts_Cleaned[[#This Row],[Campaign_Name]],'Campaign Metadata Dataset '!$A$2:$B$5,2,0) -> #N/A | S31: =VLOOKUP(Posts_Cleaned[[#This Row],[Campaign_Name]],'Campaign Metadata Dataset '!$A$1:$C$5,3,0) -> #N/A | T31: =IF(AND(C31>R31, C31<=S31),"During Campaign","Before Campaign") -> #N/A | U31: =SUM(Posts_Cleaned[[#This Row],[Likes]]+Posts_Cleaned[[#This Row],[Shares]]+Posts_Cleaned[[#This Row],[Comments]]+Posts_Cleaned[[#This Row],[Clicks]]) -> 3305 | V31: =AVERAGEIF(Posts_Cleaned[[#This Row],[Period]]:T:T,"Before Campaign",Posts_Cleaned[[#This Row],[Engagement Rate ]]) -> 0.14622715 | W31: =AVERAGEIF($T$2:$T$302,"During Campaign",P31) -> 0.14683332 | X31: =(Posts_Cleaned[[#This Row],[During ]]-Posts_Cleaned[[#This Row],[Before ]])/Posts_Cleaned[[#This Row],[During ]] -> 0.0041283145 | Y31: =IFERROR(VLOOKUP(O31, 'Campaign Metadata Dataset '!$A$1:$G$5,5,0),0) -> 0 | Z31: 0 | AA31: =(W:W-V:V)/W:W -> 0.0041283145
A32: P031 | B32: Instagram | C32: 45642 | D32: Text | E32: Check out our latest text on instagram! | F32: 438 | G32: 153 | H32: 275 | I32: 3066 | J32: 2701 | K32: 282 | L32: #TeslaCoInnovation | O32: ModelYCampaign | P32: =IFERROR(((Posts_Cleaned[[#This Row],[Likes]]+Posts_Cleaned[[#This Row],[Shares]]+Posts_Cleaned[[#This Row],[Comments]])/Posts_Cleaned[[#This Row],[Impressions]]),0) -> 0.28245271 | Q32: =_xlfn.TEXTJOIN(", ", TRUE, Posts_Cleaned[[#This Row],[Hashtags Used.1]], Posts_Cleaned[[#This Row],[Hashtags Used.2]], Posts_Cleaned[[#This Row],[Hashtags Used.3]]) -> #TeslaCoInnovation | R32: =VLOOKUP(Posts_Cleaned[[#This Row],[Campaign_Name]],'Campaign Metadata Dataset '!$A$2:$B$5,2,0) -> 45566 | S32: =VLOOKUP(Posts_Cleaned[[#This Row],[Campaign_Name]],'Campaign Metadata Dataset '!$A$1:$C$5,3,0) -> 45596 | T32: =IF(AND(C32>R32, C32<=S32),"During Campaign","Before Campaign") -> Before Campaign | U32: =SUM(Posts_Cleaned[[#This Row],[Likes]]+Posts_Cleaned[[#This Row],[Shares]]+Posts_Cleaned[[#This Row],[Comments]]+Posts_Cleaned[[#This Row],[Clicks]]) -> 1148 | V32: =AVERAGEIF(Posts_Cleaned[[#This Row],[Period]]:T:T,"Before Campaign",Posts_Cleaned[[#This Row],[Engagement Rate ]]) -> 0.15913154 | W32: =AVERAGEIF($T$2:$T$302,"During Campaign",P32) -> 0.1853216 | X32: =(Posts_Cleaned[[#This Row],[During ]]-Posts_Cleaned[[#This Row],[Before ]])/Posts_Cleaned[[#This Row],[During ]] -> 0.14132221 | Y32: =IFERROR(VLOOKUP(O32, 'Campaign Metadata Dataset '!$A$1:$G$5,5,0),0) -> 200000 | Z32: =(F:F+G:G+H:H+K:K)/Y:Y -> 0.00574 | AA32: =(W:W-V:V)/W:W -> 0.14132221
A33: P032 | B33: X | C33: 45504 | D33: Carousel | E33: Check out our latest carousel on twitter! | F33: 2278 | G33: 10 | H33: 321 | I33: 13668 | J33: 12676 | K33: 275 | L33: #EVRevolution | O33: CybertruckLaunch | P33: =IFERROR(((Posts_Cleaned[[#This Row],[Likes]]+Posts_Cleaned[[#This Row],[Shares]]+Posts_Cleaned[[#This Row],[Comments]])/Posts_Cleaned[[#This Row],[Impressions]]),0) -> 0.19088382 | Q33: =_xlfn.TEXTJOIN(", ", TRUE, Posts_Cleaned[[#This Row],[Hashtags Used.1]], Posts_Cleaned[[#This Row],[Hashtags Used.2]], Posts_Cleaned[[#This Row],[Hashtags Used.3]]) -> #EVRevolution | R33: =VLOOKUP(Posts_Cleaned[[#This Row],[Campaign_Name]],'Campaign Metadata Dataset '!$A$2:$B$5,2,0) -> 45458 | S33: =VLOOKUP(Posts_Cleaned[[#This Row],[Campaign_Name]],'Campaign Metadata Dataset '!$A$1:$C$5,3,0) -> 45488 | T33: =IF(AND(C33>R33, C33<=S33),"During Campaign","Before Campaign") -> Before Campaign | U33: =SUM(Posts_Cleaned[[#This Row],[Likes]]+Posts_Cleaned[[#This Row],[Shares]]+Posts_Cleaned[[#This Row],[Comments]]+Posts_Cleaned[[#This Row],[Clicks]]) -> 2884 | V33: =AVERAGEIF(Posts_Cleaned[[#This Row],[Period]]:T:T,"Before Campaign",Posts_Cleaned[[#This Row],[Engagement Rate ]]) -> 0.15445104 | W33: =AVERAGEIF($T$2:$T$302,"During Campaign",P33) -> 0.16862724 | X33: =(Posts_Cleaned[[#This Row],[During ]]-Posts_Cleaned[[#This Row],[Before ]])/Posts_Cleaned[[#This Row],[During ]] -> 0.08406822 | Y33: =IFERROR(VLOOKUP(O33, 'Campaign Metadata Dataset '!$A$1:$G$5,5,0),0) -> 150000 | Z33: =(F:F+G:G+H:H+K:K)/Y:Y -> 0.019226667 | AA33: =(W:W-V:V)/W:W -> 0.08406822
A34: P033 | B34: Facebook | C34: 45525 | D34: Image | E34: Check out our latest image on facebook! | F34: 1407 | G34: 400 | H34: 351 | I34: 16884 | J34: 15954 | K34: 113 | L34: #TeslaCoInnovation | O34: CybertruckLaunch | P34: =IFERROR(((Posts_Cleaned[[#This Row],[Likes]]+Posts_Cleaned[[#This Row],[Shares]]+Posts_Cleaned[[#This Row],[Comments]])/Posts_Cleaned[[#This Row],[Impressions]]),0) -> 0.12781331 | Q34: =_xlfn.TEXTJOIN(", ", TRUE, Posts_Cleaned[[#This Row],[Hashtags Used.1]], Posts_Cleaned[[#This Row],[Hashtags Used.2]], Posts_Cleaned[[#This Row],[Hashtags Used.3]]) -> #TeslaCoInnovation | R34: =VLOOKUP(Posts_Cleaned[[#This Row],[Campaign_Name]],'Campaign Metadata Dataset '!$A$2:$B$5,2,0) -> 45458 | S34: =VLOOKUP(Posts_Cleaned[[#This Row],[Campaign_Name]],'Campaign Metadata Dataset '!$A$1:$C$5,3,0) -> 45488 | T34: =IF(AND(C34>R34, C34<=S34),"During Campaign","Before Campaign") -> Before Campaign | U34: =SUM(Posts_Cleaned[[#This Row],[Likes]]+Posts_Cleaned[[#This Row],[Shares]]+Posts_Cleaned[[#This Row],[Comments]]+Posts_Cleaned[[#This Row],[Clicks]]) -> 2271 | V34: =AVERAGEIF(Posts_Cleaned[[#This Row],[Period]]:T:T,"Before Campaign",Posts_Cleaned[[#This Row],[Engagement Rate ]]) -> 0.158436 | W34: =AVERAGEIF($T$2:$T$302,"During Campaign",P34) -> 0.14623979 | X34: =(Posts_Cleaned[[#This Row],[During ]]-Posts_Cleaned[[#This Row],[Before ]])/Posts_Cleaned[[#This Row],[During ]] -> -0.083398758 | Y34: =IFERROR(VLOOKUP(O34, 'Campaign Metadata Dataset '!$A$1:$G$5,5,0),0) -> 150000 | Z34: =(F:F+G:G+H:H+K:K)/Y:Y -> 0.01514 | AA34: =(W:W-V:V)/W:W -> -0.083398758
A35: P034 | B35: Facebook | C35: 45742 | D35: Text | E35: Check out our latest text on facebook! | F35: 1652 | G35: 89 | H35: 357 | I35: 29736 | J35: 28771 | K35: 215 | L35: #TeslaCoInnovation | O35: FSDUpdate | P35: =IFERROR(((Posts_Cleaned[[#This Row],[Likes]]+Posts_Cleaned[[#This Row],[Shares]]+Posts_Cleaned[[#This Row],[Comments]])/Posts_Cleaned[[#This Row],[Impressions]]),0) -> 0.07055421 | Q35: =_xlfn.TEXTJOIN(", ", TRUE, Posts_Cleaned[[#This Row],[Hashtags Used.1]], Posts_Cleaned[[#This Row],[Hashtags Used.2]], Posts_Cleaned[[#This Row],[Hashtags Used.3]]) -> #TeslaCoInnovation | R35: =VLOOKUP(Posts_Cleaned[[#This Row],[Campaign_Name]],'Campaign Metadata Dataset '!$A$2:$B$5,2,0) -> 45651 | S35: =VLOOKUP(Posts_Cleaned[[#This Row],[Campaign_Name]],'Campaign Metadata Dataset '!$A$1:$C$5,3,0) -> 45667 | T35: =IF(AND(C35>R35, C35<=S35),"During Campaign","Before Campaign") -> Before Campaign | U35: =SUM(Posts_Cleaned[[#This Row],[Likes]]+Posts_Cleaned[[#This Row],[Shares]]+Posts_Cleaned[[#This Row],[Comments]]+Posts_Cleaned[[#This Row],[Clicks]]) -> 2313 | V35: =AVERAGEIF(Posts_Cleaned[[#This Row],[Period]]:T:T,"Before Campaign",Posts_Cleaned[[#This Row],[Engagement Rate ]]) -> 0.15511748 | W35: =AVERAGEIF($T$2:$T$302,"During Campaign",P35) -> 0.14913572 | X35: =(Posts_Cleaned[[#This Row],[During ]]-Posts_Cleaned[[#This Row],[Before ]])/Posts_Cleaned[[#This Row],[During ]] -> -0.0401095 | Y35: =IFERROR(VLOOKUP(O35, 'Campaign Metadata Dataset '!$A$1:$G$5,5,0),0) -> 250000 | Z35: =(F:F+G:G+H:H+K:K)/Y:Y -> 0.009252 | AA35: =(W:W-V:V)/W:W -> -0.0401095
A36: P035 | B36: Instagram | C36: 45626 | D36: Video | E36: Check out our latest video on instagram! | F36: 3775 | G36: 16 | H36: 239 | I36: 33975 | J36: 33310 | K36: 271 | L36: #FutureOfDriving | O36: ModelYCampaign | P36: =IFERROR(((Posts_Cleaned[[#This Row],[Likes]]+Posts_Cleaned[[#This Row],[Shares]]+Posts_Cleaned[[#This Row],[Comments]])/Posts_Cleaned[[#This Row],[Impressions]]),0) -> 0.11861663 | Q36: =_xlfn.TEXTJOIN(", ", TRUE, Posts_Cleaned[[#This Row],[Hashtags Used.1]], Posts_Cleaned[[#This Row],[Hashtags Used.2]], Posts_Cleaned[[#This Row],[Hashtags Used.3]]) -> #FutureOfDriving | R36: =VLOOKUP(Posts_Cleaned[[#This Row],[Campaign_Name]],'Campaign Metadata Dataset '!$A$2:$B$5,2,0) -> 45566 | S36: =VLOOKUP(Posts_Cleaned[[#This Row],[Campaign_Name]],'Campaign Metadata Dataset '!$A$1:$C$5,3,0) -> 45596 | T36: =IF(AND(C36>R36, C36<=S36),"During Campaign","Before Campaign") -> Before Campaign | U36: =SUM(Posts_Cleaned[[#This Row],[Likes]]+Posts_Cleaned[[#This Row],[Shares]]+Posts_Cleaned[[#This Row],[Comments]]+Posts_Cleaned[[#This Row],[Clicks]]) -> 4301 | V36: =AVERAGEIF(Posts_Cleaned[[#This Row],[Period]]:T:T,"Before Campaign",Posts_Cleaned[[#This Row],[Engagement Rate ]]) -> 0.14953215 | W36: =AVERAGEIF($T$2:$T$302,"During Campaign",P36) -> 0.16157667 | X36: =(Posts_Cleaned[[#This Row],[During ]]-Posts_Cleaned[[#This Row],[Before ]])/Posts_Cleaned[[#This Row],[During ]] -> 0.07454365 | Y36: =IFERROR(VLOOKUP(O36, 'Campaign Metadata Dataset '!$A$1:$G$5,5,0),0) -> 200000 | Z36: =(F:F+G:G+H:H+K:K)/Y:Y -> 0.021505 | AA36: =(W:W-V:V)/W:W -> 0.07454365
A37: P036 | B37: Instagram | C37: 45766 | D37: Story | E37: Check out our latest story on instagram! | F37: 4518 | G37: 285 | H37: 383 | I37: 67770 | J37: 67621 | K37: 31 | L37: #EVRevolution | O37: ModelYCampaign | P37: =IFERROR(((Posts_Cleaned[[#This Row],[Likes]]+Posts_Cleaned[[#This Row],[Shares]]+Posts_Cleaned[[#This Row],[Comments]])/Posts_Cleaned[[#This Row],[Impressions]]),0) -> 0.076523535 | Q37: =_xlfn.TEXTJOIN(", ", TRUE, Posts_Cleaned[[#This Row],[Hashtags Used.1]], Posts_Cleaned[[#This Row],[Hashtags Used.2]], Posts_Cleaned[[#This Row],[Hashtags Used.3]]) -> #EVRevolution | R37: =VLOOKUP(Posts_Cleaned[[#This Row],[Campaign_Name]],'Campaign Metadata Dataset '!$A$2:$B$5,2,0) -> 45566 | S37: =VLOOKUP(Posts_Cleaned[[#This Row],[Campaign_Name]],'Campaign Metadata Dataset '!$A$1:$C$5,3,0) -> 45596 | T37: =IF(AND(C37>R37, C37<=S37),"During Campaign","Before Campaign") -> Before Campaign | U37: =SUM(Posts_Cleaned[[#This Row],[Likes]]+Posts_Cleaned[[#This Row],[Shares]]+Posts_Cleaned[[#This Row],[Comments]]+Posts_Cleaned[[#This Row],[Clicks]]) -> 5217 | V37: =AVERAGEIF(Posts_Cleaned[[#This Row],[Period]]:T:T,"Before Campaign",Posts_Cleaned[[#This Row],[Engagement Rate ]]) -> 0.15223713 | W37: =AVERAGEIF($T$2:$T$302,"During Campaign",P37) -> 0.13705361 | X37: =(Posts_Cleaned[[#This Row],[During ]]-Posts_Cleaned[[#This Row],[Before ]])/Posts_Cleaned[[#This Row],[During ]] -> -0.11078523 | Y37: =IFERROR(VLOOKUP(O37, 'Campaign Metadata Dataset '!$A$1:$G$5,5,0),0) -> 200000 | Z37: =(F:F+G:G+H:H+K:K)/Y:Y -> 0.026085 | AA37: =(W:W-V:V)/W:W -> -0.11078523
A38: P037 | B38: Facebook | C38: 45663 | D38: Carousel | E38: Check out our latest carousel on facebook! | F38: 3024 | G38: 925 | H38: 350 | I38: 24192 | J38: 23518 | K38: 36 | L38: #EVRevolution | O38: ModelYCampaign | P38: =IFERROR(((Posts_Cleaned[[#This Row],[Likes]]+Posts_Cleaned[[#This Row],[Shares]]+Posts_Cleaned[[#This Row],[Comments]])/Posts_Cleaned[[#This Row],[Impressions]]),0) -> 0.17770337 | Q38: =_xlfn.TEXTJOIN(", ", TRUE, Posts_Cleaned[[#This Row],[Hashtags Used.1]], Posts_Cleaned[[#This Row],[Hashtags Used.2]], Posts_Cleaned[[#This Row],[Hashtags Used.3]]) -> #EVRevolution | R38: =VLOOKUP(Posts_Cleaned[[#This Row],[Campaign_Name]],'Campaign Metadata Dataset '!$A$2:$B$5,2,0) -> 45566 | S38: =VLOOKUP(Posts_Cleaned[[#This Row],[Campaign_Name]],'Campaign Metadata Dataset '!$A$1:$C$5,3,0) -> 45596 | T38: =IF(AND(C38>R38, C38<=S38),"During Campaign","Before Campaign") -> Before Campaign | U38: =SUM(Posts_Cleaned[[#This Row],[Likes]]+Posts_Cleaned[[#This Row],[Shares]]+Posts_Cleaned[[#This Row],[Comments]]+Posts_Cleaned[[#This Row],[Clicks]]) -> 4335 | V38: =AVERAGEIF(Posts_Cleaned[[#This Row],[Period]]:T:T,"Before Campaign",Posts_Cleaned[[#This Row],[Engagement Rate ]]) -> 0.15360062 | W38: =AVERAGEIF($T$2:$T$302,"During Campaign",P38) -> 0.17518736 | X38: =(Posts_Cleaned[[#This Row],[During ]]-Posts_Cleaned[[#This Row],[Before ]])/Posts_Cleaned[[#This Row],[During ]] -> 0.12322089 | Y38: =IFERROR(VLOOKUP(O38, 'Campaign Metadata Dataset '!$A$1:$G$5,5,0),0) -> 200000 | Z38: =(F:F+G:G+H:H+K:K)/Y:Y -> 0.021675 | AA38: =(W:W-V:V)/W:W -> 0.12322089
A39: P038 | B39: YouTube | C39: 45705 | D39: Reel | E39: Check out our latest reel on youtube! | F39: 3138 | G39: 123 | H39: 291 | I39: 28242 | J39: 27550 | K39: 87 | L39: #TeslaCoInnovation | O39: SustainabilityDrive | P39: =IFERROR(((Posts_Cleaned[[#This Row],[Likes]]+Posts_Cleaned[[#This Row],[Shares]]+Posts_Cleaned[[#This Row],[Comments]])/Posts_Cleaned[[#This Row],[Impressions]]),0) -> 0.12577013 | Q39: =_xlfn.TEXTJOIN(", ", TRUE, Posts_Cleaned[[#This Row],[Hashtags Used.1]], Posts_Cleaned[[#This Row],[Hashtags Used.2]], Posts_Cleaned[[#This Row],[Hashtags Used.3]]) -> #TeslaCoInnovation | R39: =VLOOKUP(Posts_Cleaned[[#This Row],[Campaign_Name]],'Campaign Metadata Dataset '!$A$2:$B$5,2,0) -> 45717 | S39: =VLOOKUP(Posts_Cleaned[[#This Row],[Campaign_Name]],'Campaign Metadata Dataset '!$A$1:$C$5,3,0) -> 45747 | T39: =IF(AND(C39>R39, C39<=S39),"During Campaign","Before Campaign") -> Before Campaign | U39: =SUM(Posts_Cleaned[[#This Row],[Likes]]+Posts_Cleaned[[#This Row],[Shares]]+Posts_Cleaned[[#This Row],[Comments]]+Posts_Cleaned[[#This Row],[Clicks]]) -> 3639 | V39: =AVERAGEIF(Posts_Cleaned[[#This Row],[Period]]:T:T,"Before Campaign",Posts_Cleaned[[#This Row],[Engagement Rate ]]) -> 0.15737338 | W39: =AVERAGEIF($T$2:$T$302,"During Campaign",P39) -> 0.14173192 | X39: =(Posts_Cleaned[[#This Row],[During ]]-Posts_Cleaned[[#This Row],[Before ]])/Posts_Cleaned[[#This Row],[During ]] -> -0.11035944 | Y39: =IFERROR(VLOOKUP(O39, 'Campaign Metadata Dataset '!$A$1:$G$5,5,0),0) -> 180000 | Z39: =(F:F+G:G+H:H+K:K)/Y:Y -> 0.020216667 | AA39: =(W:W-V:V)/W:W -> -0.11035944
A40: P039 | B40: Facebook | C40: 45621 | D40: Image | E40: Check out our latest image on facebook! | F40: 3564 | G40: 629 | H40: 177 | I40: 60588 | J40: 59627 | K40: 92 | L40: #TeslaCoInnovation | P40: =IFERROR(((Posts_Cleaned[[#This Row],[Likes]]+Posts_Cleaned[[#This Row],[Shares]]+Posts_Cleaned[[#This Row],[Comments]])/Posts_Cleaned[[#This Row],[Impressions]]),0) -> 0.072126494 | Q40: =_xlfn.TEXTJOIN(", ", TRUE, Posts_Cleaned[[#This Row],[Hashtags Used.1]], Posts_Cleaned[[#This Row],[Hashtags Used.2]], Posts_Cleaned[[#This Row],[Hashtags Used.3]]) -> #TeslaCoInnovation | R40: =VLOOKUP(Posts_Cleaned[[#This Row],[Campaign_Name]],'Campaign Metadata Dataset '!$A$2:$B$5,2,0) -> #N/A | S40: =VLOOKUP(Posts_Cleaned[[#This Row],[Campaign_Name]],'Campaign Metadata Dataset '!$A$1:$C$5,3,0) -> #N/A | T40: =IF(AND(C40>R40, C40<=S40),"During Campaign","Before Campaign") -> #N/A | U40: =SUM(Posts_Cleaned[[#This Row],[Likes]]+Posts_Cleaned[[#This Row],[Shares]]+Posts_Cleaned[[#This Row],[Comments]]+Posts_Cleaned[[#This Row],[Clicks]]) -> 4462 | V40: =AVERAGEIF(Posts_Cleaned[[#This Row],[Period]]:T:T,"Before Campaign",Posts_Cleaned[[#This Row],[Engagement Rate ]]) -> 0.16230716 | W40: =AVERAGEIF($T$2:$T$302,"During Campaign",P40) -> 0.14384064 | X40: =(Posts_Cleaned[[#This Row],[During ]]-Posts_Cleaned[[#This Row],[Before ]])/Posts_Cleaned[[#This Row],[During ]] -> -0.12838176 | Y40: =IFERROR(VLOOKUP(O40, 'Campaign Metadata Dataset '!$A$1:$G$5,5,0),0) -> 0 | Z40: 0 | AA40: =(W:W-V:V)/W:W -> -0.12838176
A41: P040 | B41: X | C41: 45723 | D41: Image | E41: Check out our latest image on twitter! | F41: 4750 | G41: 151 | H41: 415 | I41: 38000 | J41: 37792 | K41: 299 | L41: #EVRevolution | O41: SustainabilityDrive | P41: =IFERROR(((Posts_Cleaned[[#This Row],[Likes]]+Posts_Cleaned[[#This Row],[Shares]]+Posts_Cleaned[[#This Row],[Comments]])/Posts_Cleaned[[#This Row],[Impressions]]),0) -> 0.13989474 | Q41: =_xlfn.TEXTJOIN(", ", TRUE, Posts_Cleaned[[#This Row],[Hashtags Used.1]], Posts_Cleaned[[#This Row],[Hashtags Used.2]], Posts_Cleaned[[#This Row],[Hashtags Used.3]]) -> #EVRevolution | R41: =VLOOKUP(Posts_Cleaned[[#This Row],[Campaign_Name]],'Campaign Metadata Dataset '!$A$2:$B$5,2,0) -> 45717 | S41: =VLOOKUP(Posts_Cleaned[[#This Row],[Campaign_Name]],'Campaign Metadata Dataset '!$A$1:$C$5,3,0) -> 45747 | T41: =IF(AND(C41>R41, C41<=S41),"During Campaign","Before Campaign") -> During Campaign | U41: =SUM(Posts_Cleaned[[#This Row],[Likes]]+Posts_Cleaned[[#This Row],[Shares]]+Posts_Cleaned[[#This Row],[Comments]]+Posts_Cleaned[[#This Row],[Clicks]]) -> 5615 | V41: =AVERAGEIF(Posts_Cleaned[[#This Row],[Period]]:T:T,"Before Campaign",Posts_Cleaned[[#This Row],[Engagement Rate ]]) -> 0.15581347 | W41: =AVERAGEIF($T$2:$T$302,"During Campaign",P41) -> 0.11887873 | X41: =(Posts_Cleaned[[#This Row],[During ]]-Posts_Cleaned[[#This Row],[Before ]])/Posts_Cleaned[[#This Row],[During ]] -> -0.31069268 | Y41: =IFERROR(VLOOKUP(O41, 'Campaign Metadata Dataset '!$A$1:$G$5,5,0),0) -> 180000 | Z41: =(F:F+G:G+H:H+K:K)/Y:Y -> 0.031194444 | AA41: =(W:W-V:V)/W:W -> -0.31069268
A42: P041 | B42: Instagram | C42: 45724 | D42: Reel | E42: Check out our latest reel on instagram! | F42: 456 | G42: 629 | H42: 428 | I42: 8208 | J42: 7377 | K42: 205 | L42: #FutureOfDriving | O42: SustainabilityDrive | P42: =IFERROR(((Posts_Cleaned[[#This Row],[Likes]]+Posts_Cleaned[[#This Row],[Shares]]+Posts_Cleaned[[#This Row],[Comments]])/Posts_Cleaned[[#This Row],[Impressions]]),0) -> 0.18433236 | Q42: =_xlfn.TEXTJOIN(", ", TRUE, Posts_Cleaned[[#This Row],[Hashtags Used.1]], Posts_Cleaned[[#This Row],[Hashtags Used.2]], Posts_Cleaned[[#This Row],[Hashtags Used.3]]) -> #FutureOfDriving | R42: =VLOOKUP(Posts_Cleaned[[#This Row],[Campaign_Name]],'Campaign Metadata Dataset '!$A$2:$B$5,2,0) -> 45717 | S42: =VLOOKUP(Posts_Cleaned[[#This Row],[Campaign_Name]],'Campaign Metadata Dataset '!$A$1:$C$5,3,0) -> 45747 | T42: =IF(AND(C42>R42, C42<=S42),"During Campaign","Before Campaign") -> During Campaign | U42: =SUM(Posts_Cleaned[[#This Row],[Likes]]+Posts_Cleaned[[#This Row],[Shares]]+Posts_Cleaned[[#This Row],[Comments]]+Posts_Cleaned[[#This Row],[Clicks]]) -> 1718 | V42: =AVERAGEIF(Posts_Cleaned[[#This Row],[Period]]:T:T,"Before Campaign",Posts_Cleaned[[#This Row],[Engagement Rate ]]) -> 0.14772276 | W42: =AVERAGEIF($T$2:$T$302,"During Campaign",P42) -> 0.12824731 | X42: =(Posts_Cleaned[[#This Row],[During ]]-Posts_Cleaned[[#This Row],[Before ]])/Posts_Cleaned[[#This Row],[During ]] -> -0.15185859 | Y42: =IFERROR(VLOOKUP(O42, 'Campaign Metadata Dataset '!$A$1:$G$5,5,0),0) -> 180000 | Z42: =(F:F+G:G+H:H+K:K)/Y:Y -> 0.0095444444 | AA42: =(W:W-V:V)/W:W -> -0.15185859
A43: P042 | B43: YouTube | C43: 45721 | D43: Reel | E43: Check out our latest reel on youtube! | F43: 1543 | G43: 820 | H43: 333 | I43: 12344 | J43: 11496 | K43: 241 | L43: #EVRevolution | P43: =IFERROR(((Posts_Cleaned[[#This Row],[Likes]]+Posts_Cleaned[[#This Row],[Shares]]+Posts_Cleaned[[#This Row],[Comments]])/Posts_Cleaned[[#This Row],[Impressions]]),0) -> 0.2184057 | Q43: =_xlfn.TEXTJOIN(", ", TRUE, Posts_Cleaned[[#This Row],[Hashtags Used.1]], Posts_Cleaned[[#This Row],[Hashtags Used.2]], Posts_Cleaned[[#This Row],[Hashtags Used.3]]) -> #EVRevolution | R43: =VLOOKUP(Posts_Cleaned[[#This Row],[Campaign_Name]],'Campaign Metadata Dataset '!$A$2:$B$5,2,0) -> #N/A | S43: =VLOOKUP(Posts_Cleaned[[#This Row],[Campaign_Name]],'Campaign Metadata Dataset '!$A$1:$C$5,3,0) -> #N/A | T43: =IF(AND(C43>R43, C43<=S43),"During Campaign","Before Campaign") -> #N/A | U43: =SUM(Posts_Cleaned[[#This Row],[Likes]]+Posts_Cleaned[[#This Row],[Shares]]+Posts_Cleaned[[#This Row],[Comments]]+Posts_Cleaned[[#This Row],[Clicks]]) -> 2937 | V43: =AVERAGEIF(Posts_Cleaned[[#This Row],[Period]]:T:T,"Before Campaign",Posts_Cleaned[[#This Row],[Engagement Rate ]]) -> 0.15765331 | W43: =AVERAGEIF($T$2:$T$302,"During Campaign",P43) -> 0.1428354 | X43: =(Posts_Cleaned[[#This Row],[During ]]-Posts_Cleaned[[#This Row],[Before ]])/Posts_Cleaned[[#This Row],[During ]] -> -0.10374118 | Y43: =IFERROR(VLOOKUP(O43, 'Campaign Metadata Dataset '!$A$1:$G$5,5,0),0) -> 0 | Z43: 0 | AA43: =(W:W-V:V)/W:W -> -0.10374118
A44: P043 | B44: Instagram | C44: 45640 | D44: Carousel | E44: Check out our latest carousel on instagram! | F44: 2174 | G44: 658 | H44: 15 | I44: 13044 | J44: 12206 | K44: 137 | L44: #TeslaCoInnovation | O44: FSDUpdate | P44: =IFERROR(((Posts_Cleaned[[#This Row],[Likes]]+Posts_Cleaned[[#This Row],[Shares]]+Posts_Cleaned[[#This Row],[Comments]])/Posts_Cleaned[[#This Row],[Impressions]]),0) -> 0.21826127 | Q44: =_xlfn.TEXTJOIN(", ", TRUE, Posts_Cleaned[[#This Row],[Hashtags Used.1]], Posts_Cleaned[[#This Row],[Hashtags Used.2]], Posts_Cleaned[[#This Row],[Hashtags Used.3]]) -> #TeslaCoInnovation | R44: =VLOOKUP(Posts_Cleaned[[#This Row],[Campaign_Name]],'Campaign Metadata Dataset '!$A$2:$B$5,2,0) -> 45651 | S44: =VLOOKUP(Posts_Cleaned[[#This Row],[Campaign_Name]],'Campaign Metadata Dataset '!$A$1:$C$5,3,0) -> 45667 | T44: =IF(AND(C44>R44, C44<=S44),"During Campaign","Before Campaign") -> Before Campaign | U44: =SUM(Posts_Cleaned[[#This Row],[Likes]]+Posts_Cleaned[[#This Row],[Shares]]+Posts_Cleaned[[#This Row],[Comments]]+Posts_Cleaned[[#This Row],[Clicks]]) -> 2984 | V44: =AVERAGEIF(Posts_Cleaned[[#This Row],[Period]]:T:T,"Before Campaign",Posts_Cleaned[[#This Row],[Engagement Rate ]]) -> 0.15842779 | W44: =AVERAGEIF($T$2:$T$302,"During Campaign",P44) -> 0.1541529 | X44: =(Posts_Cleaned[[#This Row],[During ]]-Posts_Cleaned[[#This Row],[Before ]])/Posts_Cleaned[[#This Row],[During ]] -> -0.027731486 | Y44: =IFERROR(VLOOKUP(O44, 'Campaign Metadata Dataset '!$A$1:$G$5,5,0),0) -> 250000 | Z44: =(F:F+G:G+H:H+K:K)/Y:Y -> 0.011936 | AA44: =(W:W-V:V)/W:W -> -0.027731486
A45: P044 | B45: X | C45: 45718 | D45: Image | E45: Check out our latest image on twitter! | F45: 2358 | G45: 784 | H45: 344 | I45: 35370 | J45: 34475 | K45: 216 | L45: #TeslaCoInnovation | P45: =IFERROR(((Posts_Cleaned[[#This Row],[Likes]]+Posts_Cleaned[[#This Row],[Shares]]+Posts_Cleaned[[#This Row],[Comments]])/Posts_Cleaned[[#This Row],[Impressions]]),0) -> 0.0985581 | Q45: =_xlfn.TEXTJOIN(", ", TRUE, Posts_Cleaned[[#This Row],[Hashtags Used.1]], Posts_Cleaned[[#This Row],[Hashtags Used.2]], Posts_Cleaned[[#This Row],[Hashtags Used.3]]) -> #TeslaCoInnovation | R45: =VLOOKUP(Posts_Cleaned[[#This Row],[Campaign_Name]],'Campaign Metadata Dataset '!$A$2:$B$5,2,0) -> #N/A | S45: =VLOOKUP(Posts_Cleaned[[#This Row],[Campaign_Name]],'Campaign Metadata Dataset '!$A$1:$C$5,3,0) -> #N/A | T45: =IF(AND(C45>R45, C45<=S45),"During Campaign","Before Campaign") -> #N/A | U45: =SUM(Posts_Cleaned[[#This Row],[Likes]]+Posts_Cleaned[[#This Row],[Shares]]+Posts_Cleaned[[#This Row],[Comments]]+Posts_Cleaned[[#This Row],[Clicks]]) -> 3702 | V45: =AVERAGEIF(Posts_Cleaned[[#This Row],[Period]]:T:T,"Before Campaign",Posts_Cleaned[[#This Row],[Engagement Rate ]]) -> 0.14588872 | W45: =AVERAGEIF($T$2:$T$302,"During Campaign",P45) -> 0.12411016 | X45: =(Posts_Cleaned[[#This Row],[During ]]-Posts_Cleaned[[#This Row],[Before ]])/Posts_Cleaned[[#This Row],[During ]] -> -0.17547759 | Y45: =IFERROR(VLOOKUP(O45, 'Campaign Metadata Dataset '!$A$1:$G$5,5,0),0) -> 0 | Z45: 0 | AA45: =(W:W-V:V)/W:W -> -0.17547759
A46: P045 | B46: Facebook | C46: 45597 | D46: Video | E46: Check out our latest video on facebook! | F46: 3371 | G46: 106 | H46: 327 | I46: 50565 | J46: 49816 | K46: 176 | L46: #FutureOfDriving | O46: CybertruckLaunch | P46: =IFERROR(((Posts_Cleaned[[#This Row],[Likes]]+Posts_Cleaned[[#This Row],[Shares]]+Posts_Cleaned[[#This Row],[Comments]])/Posts_Cleaned[[#This Row],[Impressions]]),0) -> 0.075229902 | Q46: =_xlfn.TEXTJOIN(", ", TRUE, Posts_Cleaned[[#This Row],[Hashtags Used.1]], Posts_Cleaned[[#This Row],[Hashtags Used.2]], Posts_Cleaned[[#This Row],[Hashtags Used.3]]) -> #FutureOfDriving | R46: =VLOOKUP(Posts_Cleaned[[#This Row],[Campaign_Name]],'Campaign Metadata Dataset '!$A$2:$B$5,2,0) -> 45458 | S46: =VLOOKUP(Posts_Cleaned[[#This Row],[Campaign_Name]],'Campaign Metadata Dataset '!$A$1:$C$5,3,0) -> 45488 | T46: =IF(AND(C46>R46, C46<=S46),"During Campaign","Before Campaign") -> Before Campaign | U46: =SUM(Posts_Cleaned[[#This Row],[Likes]]+Posts_Cleaned[[#This Row],[Shares]]+Posts_Cleaned[[#This Row],[Comments]]+Posts_Cleaned[[#This Row],[Clicks]]) -> 3980 | V46: =AVERAGEIF(Posts_Cleaned[[#This Row],[Period]]:T:T,"Before Campaign",Posts_Cleaned[[#This Row],[Engagement Rate ]]) -> 0.16268037 | W46: =AVERAGEIF($T$2:$T$302,"During Campaign",P46) -> 0.20863953 | X46: =(Posts_Cleaned[[#This Row],[During ]]-Posts_Cleaned[[#This Row],[Before ]])/Posts_Cleaned[[#This Row],[During ]] -> 0.22028022 | Y46: =IFERROR(VLOOKUP(O46, 'Campaign Metadata Dataset '!$A$1:$G$5,5,0),0) -> 150000 | Z46: =(F:F+G:G+H:H+K:K)/Y:Y -> 0.026533333 | AA46: =(W:W-V:V)/W:W -> 0.22028022
A47: P046 | B47: X | C47: 45779 | D47: Video | E47: Check out our latest video on twitter! | F47: 1108 | G47: 177 | H47: 212 | I47: 8864 | J47: 8710 | K47: 97 | L47: #TeslaCoInnovation | O47: SustainabilityDrive | P47: =IFERROR(((Posts_Cleaned[[#This Row],[Likes]]+Posts_Cleaned[[#This Row],[Shares]]+Posts_Cleaned[[#This Row],[Comments]])/Posts_Cleaned[[#This Row],[Impressions]]),0) -> 0.16888538 | Q47: =_xlfn.TEXTJOIN(", ", TRUE, Posts_Cleaned[[#This Row],[Hashtags Used.1]], Posts_Cleaned[[#This Row],[Hashtags Used.2]], Posts_Cleaned[[#This Row],[Hashtags Used.3]]) -> #TeslaCoInnovation | R47: =VLOOKUP(Posts_Cleaned[[#This Row],[Campaign_Name]],'Campaign Metadata Dataset '!$A$2:$B$5,2,0) -> 45717 | S47: =VLOOKUP(Posts_Cleaned[[#This Row],[Campaign_Name]],'Campaign Metadata Dataset '!$A$1:$C$5,3,0) -> 45747 | T47: =IF(AND(C47>R47, C47<=S47),"During Campaign","Before Campaign") -> Before Campaign | U47: =SUM(Posts_Cleaned[[#This Row],[Likes]]+Posts_Cleaned[[#This Row],[Shares]]+Posts_Cleaned[[#This Row],[Comments]]+Posts_Cleaned[[#This Row],[Clicks]]) -> 1594 | V47: =AVERAGEIF(Posts_Cleaned[[#This Row],[Period]]:T:T,"Before Campaign",Posts_Cleaned[[#This Row],[Engagement Rate ]]) -> 0.1522229 | W47: =AVERAGEIF($T$2:$T$302,"During Campaign",P47) -> 0.12627551 | X47: =(Posts_Cleaned[[#This Row],[During ]]-Posts_Cleaned[[#This Row],[Before ]])/Posts_Cleaned[[#This Row],[During ]] -> -0.20548242 | Y47: =IFERROR(VLOOKUP(O47, 'Campaign Metadata Dataset '!$A$1:$G$5,5,0),0) -> 180000 | Z47: =(F:F+G:G+H:H+K:K)/Y:Y -> 0.0088555556 | AA47: =(W:W-V:V)/W:W -> -0.20548242
A48: P047 | B48: X | C48: 45712 | D48: Carousel | E48: Check out our latest carousel on twitter! | F48: 2704 | G48: 752 | H48: 153 | I48: 21632 | J48: 20792 | K48: 127 | L48: #FutureOfDriving | P48: =IFERROR(((Posts_Cleaned[[#This Row],[Likes]]+Posts_Cleaned[[#This Row],[Shares]]+Posts_Cleaned[[#This Row],[Comments]])/Posts_Cleaned[[#This Row],[Impressions]]),0) -> 0.16683617 | Q48: =_xlfn.TEXTJOIN(", ", TRUE, Posts_Cleaned[[#This Row],[Hashtags Used.1]], Posts_Cleaned[[#This Row],[Hashtags Used.2]], Posts_Cleaned[[#This Row],[Hashtags Used.3]]) -> #FutureOfDriving | R48: =VLOOKUP(Posts_Cleaned[[#This Row],[Campaign_Name]],'Campaign Metadata Dataset '!$A$2:$B$5,2,0) -> #N/A | S48: =VLOOKUP(Posts_Cleaned[[#This Row],[Campaign_Name]],'Campaign Metadata Dataset '!$A$1:$C$5,3,0) -> #N/A | T48: =IF(AND(C48>R48, C48<=S48),"During Campaign","Before Campaign") -> #N/A | U48: =SUM(Posts_Cleaned[[#This Row],[Likes]]+Posts_Cleaned[[#This Row],[Shares]]+Posts_Cleaned[[#This Row],[Comments]]+Posts_Cleaned[[#This Row],[Clicks]]) -> 3736 | V48: =AVERAGEIF(Posts_Cleaned[[#This Row],[Period]]:T:T,"Before Campaign",Posts_Cleaned[[#This Row],[Engagement Rate ]]) -> 0.15109608 | W48: =AVERAGEIF($T$2:$T$302,"During Campaign",P48) -> 0.11098927 | X48: =(Posts_Cleaned[[#This Row],[During ]]-Posts_Cleaned[[#This Row],[Before ]])/Posts_Cleaned[[#This Row],[During ]] -> -0.36135761 | Y48: =IFERROR(VLOOKUP(O48, 'Campaign Metadata Dataset '!$A$1:$G$5,5,0),0) -> 0 | Z48: 0 | AA48: =(W:W-V:V)/W:W -> -0.36135761
A49: P048 | B49: X | C49: 45727 | D49: Story | E49: Check out our latest story on twitter! | F49: 1950 | G49: 295 | H49: 478 | I49: 37050 | J49: 36272 | K49: 119 | L49: #TeslaCoInnovation | P49: =IFERROR(((Posts_Cleaned[[#This Row],[Likes]]+Posts_Cleaned[[#This Row],[Shares]]+Posts_Cleaned[[#This Row],[Comments]])/Posts_Cleaned[[#This Row],[Impressions]]),0) -> 0.073495277 | Q49: =_xlfn.TEXTJOIN(", ", TRUE, Posts_Cleaned[[#This Row],[Hashtags Used.1]], Posts_Cleaned[[#This Row],[Hashtags Used.2]], Posts_Cleaned[[#This Row],[Hashtags Used.3]]) -> #TeslaCoInnovation | R49: =VLOOKUP(Posts_Cleaned[[#This Row],[Campaign_Name]],'Campaign Metadata Dataset '!$A$2:$B$5,2,0) -> #N/A | S49: =VLOOKUP(Posts_Cleaned[[#This Row],[Campaign_Name]],'Campaign Metadata Dataset '!$A$1:$C$5,3,0) -> #N/A | T49: =IF(AND(C49>R49, C49<=S49),"During Campaign","Before Campaign") -> #N/A | U49: =SUM(Posts_Cleaned[[#This Row],[Likes]]+Posts_Cleaned[[#This Row],[Shares]]+Posts_Cleaned[[#This Row],[Comments]]+Posts_Cleaned[[#This Row],[Clicks]]) -> 2842 | V49: =AVERAGEIF(Posts_Cleaned[[#This Row],[Period]]:T:T,"Before Campaign",Posts_Cleaned[[#This Row],[Engagement Rate ]]) -> 0.16166996 | W49: =AVERAGEIF($T$2:$T$302,"During Campaign",P49) -> 0.12252373 | X49: =(Posts_Cleaned[[#This Row],[During ]]-Posts_Cleaned[[#This Row],[Before ]])/Posts_Cleaned[[#This Row],[During ]] -> -0.31949916 | Y49: =IFERROR(VLOOKUP(O49, 'Campaign Metadata Dataset '!$A$1:$G$5,5,0),0) -> 0 | Z49: 0 | AA49: =(W:W-V:V)/W:W -> -0.31949916
A50: P049 | B50: X | C50: 45453 | D50: Story | E50: Check out our latest story on twitter! | F50: 2164 | G50: 549 | H50: 274 | I50: 28132 | J50: 27361 | K50: 177 | L50: #TeslaCoInnovation | O50: SustainabilityDrive | P50: =IFERROR(((Posts_Cleaned[[#This Row],[Likes]]+Posts_Cleaned[[#This Row],[Shares]]+Posts_Cleaned[[#This Row],[Comments]])/Posts_Cleaned[[#This Row],[Impressions]]),0) -> 0.10617802 | Q50: =_xlfn.TEXTJOIN(", ", TRUE, Posts_Cleaned[[#This Row],[Hashtags Used.1]], Posts_Cleaned[[#This Row],[Hashtags Used.2]], Posts_Cleaned[[#This Row],[Hashtags Used.3]]) -> #TeslaCoInnovation | R50: =VLOOKUP(Posts_Cleaned[[#This Row],[Campaign_Name]],'Campaign Metadata Dataset '!$A$2:$B$5,2,0) -> 45717 | S50: =VLOOKUP(Posts_Cleaned[[#This Row],[Campaign_Name]],'Campaign Metadata Dataset '!$A$1:$C$5,3,0) -> 45747 | T50: =IF(AND(C50>R50, C50<=S50),"During Campaign","Before Campaign") -> Before Campaign | U50: =SUM(Posts_Cleaned[[#This Row],[Likes]]+Posts_Cleaned[[#This Row],[Shares]]+Posts_Cleaned[[#This Row],[Comments]]+Posts_Cleaned[[#This Row],[Clicks]]) -> 3164 | V50: =AVERAGEIF(Posts_Cleaned[[#This Row],[Period]]:T:T,"Before Campaign",Posts_Cleaned[[#This Row],[Engagement Rate ]]) -> 0.15956624 | W50: =AVERAGEIF($T$2:$T$302,"During Campaign",P50) -> 0.14220971 | X50: =(Posts_Cleaned[[#This Row],[During ]]-Posts_Cleaned[[#This Row],[Before ]])/Posts_Cleaned[[#This Row],[During ]] -> -0.1220488 | Y50: =IFERROR(VLOOKUP(O50, 'Campaign Metadata Dataset '!$A$1:$G$5,5,0),0) -> 180000 | Z50: =(F:F+G:G+H:H+K:K)/Y:Y -> 0.017577778 | AA50: =(W:W-V:V)/W:W -> -0.1220488
A51: P050 | B51: YouTube | C51: 45476 | D51: Story | E51: Check out our latest story on youtube! | F51: 2754 | G51: 130 | H51: 90 | I51: 22032 | J51: 21288 | K51: 112 | L51: #TeslaCoInnovation | O51: FSDUpdate | P51: =IFERROR(((Posts_Cleaned[[#This Row],[Likes]]+Posts_Cleaned[[#This Row],[Shares]]+Posts_Cleaned[[#This Row],[Comments]])/Posts_Cleaned[[#This Row],[Impressions]]),0) -> 0.13498548 | Q51: =_xlfn.TEXTJOIN(", ", TRUE, Posts_Cleaned[[#This Row],[Hashtags Used.1]], Posts_Cleaned[[#This Row],[Hashtags Used.2]], Posts_Cleaned[[#This Row],[Hashtags Used.3]]) -> #TeslaCoInnovation | R51: =VLOOKUP(Posts_Cleaned[[#This Row],[Campaign_Name]],'Campaign Metadata Dataset '!$A$2:$B$5,2,0) -> 45651 | S51: =VLOOKUP(Posts_Cleaned[[#This Row],[Campaign_Name]],'Campaign Metadata Dataset '!$A$1:$C$5,3,0) -> 45667 | T51: =IF(AND(C51>R51, C51<=S51),"During Campaign","Before Campaign") -> Before Campaign | U51: =SUM(Posts_Cleaned[[#This Row],[Likes]]+Posts_Cleaned[[#This Row],[Shares]]+Posts_Cleaned[[#This Row],[Comments]]+Posts_Cleaned[[#This Row],[Clicks]]) -> 3086 | V51: =AVERAGEIF(Posts_Cleaned[[#This Row],[Period]]:T:T,"Before Campaign",Posts_Cleaned[[#This Row],[Engagement Rate ]]) -> 0.16460661 | W51: =AVERAGEIF($T$2:$T$302,"During Campaign",P51) -> 0.129895 | X51: =(Posts_Cleaned[[#This Row],[During ]]-Posts_Cleaned[[#This Row],[Before ]])/Posts_Cleaned[[#This Row],[During ]] -> -0.26722822 | Y51: =IFERROR(VLOOKUP(O51, 'Campaign Metadata Dataset '!$A$1:$G$5,5,0),0) -> 250000 | Z51: =(F:F+G:G+H:H+K:K)/Y:Y -> 0.012344 | AA51: =(W:W-V:V)/W:W -> -0.26722822
A52: P051 | B52: Facebook | C52: 45456 | D52: Carousel | E52: Check out our latest carousel on facebook! | F52: 2200 | G52: 504 | H52: 239 | I52: 37400 | J52: 36938 | K52: 225 | L52: #FutureOfDriving | O52: ModelYCampaign | P52: =IFERROR(((Posts_Cleaned[[#This Row],[Likes]]+Posts_Cleaned[[#This Row],[Shares]]+Posts_Cleaned[[#This Row],[Comments]])/Posts_Cleaned[[#This Row],[Impressions]]),0) -> 0.07868984 | Q52: =_xlfn.TEXTJOIN(", ", TRUE, Posts_Cleaned[[#This Row],[Hashtags Used.1]], Posts_Cleaned[[#This Row],[Hashtags Used.2]], Posts_Cleaned[[#This Row],[Hashtags Used.3]]) -> #FutureOfDriving | R52: =VLOOKUP(Posts_Cleaned[[#This Row],[Campaign_Name]],'Campaign Metadata Dataset '!$A$2:$B$5,2,0) -> 45566 | S52: =VLOOKUP(Posts_Cleaned[[#This Row],[Campaign_Name]],'Campaign Metadata Dataset '!$A$1:$C$5,3,0) -> 45596 | T52: =IF(AND(C52>R52, C52<=S52),"During Campaign","Before Campaign") -> Before Campaign | U52: =SUM(Posts_Cleaned[[#This Row],[Likes]]+Posts_Cleaned[[#This Row],[Shares]]+Posts_Cleaned[[#This Row],[Comments]]+Posts_Cleaned[[#This Row],[Clicks]]) -> 3168 | V52: =AVERAGEIF(Posts_Cleaned[[#This Row],[Period]]:T:T,"Before Campaign",Posts_Cleaned[[#This Row],[Engagement Rate ]]) -> 0.16650185 | W52: =AVERAGEIF($T$2:$T$302,"During Campaign",P52) -> 0.11491682 | X52: =(Posts_Cleaned[[#This Row],[During ]]-Posts_Cleaned[[#This Row],[Before ]])/Posts_Cleaned[[#This Row],[During ]] -> -0.4488902 | Y52: =IFERROR(VLOOKUP(O52, 'Campaign Metadata Dataset '!$A$1:$G$5,5,0),0) -> 200000 | Z52: =(F:F+G:G+H:H+K:K)/Y:Y -> 0.01584 | AA52: =(W:W-V:V)/W:W -> -0.4488902
A53: P052 | B53: Facebook | C53: 45660 | D53: Image | E53: Check out our latest image on facebook! | F53: 947 | G53: 338 | H53: 350 | I53: 10417 | J53: 9730 | K53: 34 | L53: #TeslaCoInnovation | O53: SustainabilityDrive | P53: =IFERROR(((Posts_Cleaned[[#This Row],[Likes]]+Posts_Cleaned[[#This Row],[Shares]]+Posts_Cleaned[[#This Row],[Comments]])/Posts_Cleaned[[#This Row],[Impressions]]),0) -> 0.15695498 | Q53: =_xlfn.TEXTJOIN(", ", TRUE, Posts_Cleaned[[#This Row],[Hashtags Used.1]], Posts_Cleaned[[#This Row],[Hashtags Used.2]], Posts_Cleaned[[#This Row],[Hashtags Used.3]]) -> #TeslaCoInnovation | R53: =VLOOKUP(Posts_Cleaned[[#This Row],[Campaign_Name]],'Campaign Metadata Dataset '!$A$2:$B$5,2,0) -> 45717 | S53: =VLOOKUP(Posts_Cleaned[[#This Row],[Campaign_Name]],'Campaign Metadata Dataset '!$A$1:$C$5,3,0) -> 45747 | T53: =IF(AND(C53>R53, C53<=S53),"During Campaign","Before Campaign") -> Before Campaign | U53: =SUM(Posts_Cleaned[[#This Row],[Likes]]+Posts_Cleaned[[#This Row],[Shares]]+Posts_Cleaned[[#This Row],[Comments]]+Posts_Cleaned[[#This Row],[Clicks]]) -> 1669 | V53: =AVERAGEIF(Posts_Cleaned[[#This Row],[Period]]:T:T,"Before Campaign",Posts_Cleaned[[#This Row],[Engagement Rate ]]) -> 0.15046994 | W53: =AVERAGEIF($T$2:$T$302,"During Campaign",P53) -> 0.12820401 | X53: =(Posts_Cleaned[[#This Row],[During ]]-Posts_Cleaned[[#This Row],[Before ]])/Posts_Cleaned[[#This Row],[During ]] -> -0.17367574 | Y53: =IFERROR(VLOOKUP(O53, 'Campaign Metadata Dataset '!$A$1:$G$5,5,0),0) -> 180000 | Z53: =(F:F+G:G+H:H+K:K)/Y:Y -> 0.0092722222 | AA53: =(W:W-V:V)/W:W -> -0.17367574
A54: P053 | B54: YouTube | C54: 45712 | D54: Carousel | E54: Check out our latest carousel on youtube! | F54: 804 | G54: 639 | H54: 43 | I54: 4020 | J54: 3144 | K54: 11 | L54: #EVRevolution | M54: #BetterWithTesla | P54: =IFERROR(((Posts_Cleaned[[#This Row],[Likes]]+Posts_Cleaned[[#This Row],[Shares]]+Posts_Cleaned[[#This Row],[Comments]])/Posts_Cleaned[[#This Row],[Impressions]]),0) -> 0.36965174 | Q54: =_xlfn.TEXTJOIN(", ", TRUE, Posts_Cleaned[[#This Row],[Hashtags Used.1]], Posts_Cleaned[[#This Row],[Hashtags Used.2]], Posts_Cleaned[[#This Row],[Hashtags Used.3]]) -> #EVRevolution, #BetterWithTesla | R54: =VLOOKUP(Posts_Cleaned[[#This Row],[Campaign_Name]],'Campaign Metadata Dataset '!$A$2:$B$5,2,0) -> #N/A | S54: =VLOOKUP(Posts_Cleaned[[#This Row],[Campaign_Name]],'Campaign Metadata Dataset '!$A$1:$C$5,3,0) -> #N/A | T54: =IF(AND(C54>R54, C54<=S54),"During Campaign","Before Campaign") -> #N/A | U54: =SUM(Posts_Cleaned[[#This Row],[Likes]]+Posts_Cleaned[[#This Row],[Shares]]+Posts_Cleaned[[#This Row],[Comments]]+Posts_Cleaned[[#This Row],[Clicks]]) -> 1497 | V54: =AVERAGEIF(Posts_Cleaned[[#This Row],[Period]]:T:T,"Before Campaign",Posts_Cleaned[[#This Row],[Engagement Rate ]]) -> 0.14851812 | W54: =AVERAGEIF($T$2:$T$302,"During Campaign",P54) -> 0.17219159 | X54: =(Posts_Cleaned[[#This Row],[During ]]-Posts_Cleaned[[#This Row],[Before ]])/Posts_Cleaned[[#This Row],[During ]] -> 0.13748331 | Y54: =IFERROR(VLOOKUP(O54, 'Campaign Metadata Dataset '!$A$1:$G$5,5,0),0) -> 0 | Z54: 0 | AA54: =(W:W-V:V)/W:W -> 0.13748331
A55: P054 | B55: YouTube | C55: 45729 | D55: Carousel | E55: Check out our latest carousel on youtube! | F55: 1686 | G55: 904 | H55: 472 | I55: 18546 | J55: 18171 | K55: 52 | L55: #FutureOfDriving | O55: ModelYCampaign | P55: =IFERROR(((Posts_Cleaned[[#This Row],[Likes]]+Posts_Cleaned[[#This Row],[Shares]]+Posts_Cleaned[[#This Row],[Comments]])/Posts_Cleaned[[#This Row],[Impressions]]),0) -> 0.16510299 | Q55: =_xlfn.TEXTJOIN(", ", TRUE, Posts_Cleaned[[#This Row],[Hashtags Used.1]], Posts_Cleaned[[#This Row],[Hashtags Used.2]], Posts_Cleaned[[#This Row],[Hashtags Used.3]]) -> #FutureOfDriving | R55: =VLOOKUP(Posts_Cleaned[[#This Row],[Campaign_Name]],'Campaign Metadata Dataset '!$A$2:$B$5,2,0) -> 45566 | S55: =VLOOKUP(Posts_Cleaned[[#This Row],[Campaign_Name]],'Campaign Metadata Dataset '!$A$1:$C$5,3,0) -> 45596 | T55: =IF(AND(C55>R55, C55<=S55),"During Campaign","Before Campaign") -> Before Campaign | U55: =SUM(Posts_Cleaned[[#This Row],[Likes]]+Posts_Cleaned[[#This Row],[Shares]]+Posts_Cleaned[[#This Row],[Comments]]+Posts_Cleaned[[#This Row],[Clicks]]) -> 3114 | V55: =AVERAGEIF(Posts_Cleaned[[#This Row],[Period]]:T:T,"Before Campaign",Posts_Cleaned[[#This Row],[Engagement Rate ]]) -> 0.15189082 | W55: =AVERAGEIF($T$2:$T$302,"During Campaign",P55) -> 0.1815169 | X55: =(Posts_Cleaned[[#This Row],[During ]]-Posts_Cleaned[[#This Row],[Before ]])/Posts_Cleaned[[#This Row],[During ]] -> 0.16321388 | Y55: =IFERROR(VLOOKUP(O55, 'Campaign Metadata Dataset '!$A$1:$G$5,5,0),0) -> 200000 | Z55: =(F:F+G:G+H:H+K:K)/Y:Y -> 0.01557 | AA55: =(W:W-V:V)/W:W -> 0.16321388
A56: P055 | B56: Facebook | C56: 45460 | D56: Image | E56: Check out our latest image on facebook! | F56: 1226 | G56: 119 | H56: 7 | I56: 14712 | J56: 14049 | K56: 123 | L56: #EVRevolution | O56: SustainabilityDrive | P56: =IFERROR(((Posts_Cleaned[[#This Row],[Likes]]+Posts_Cleaned[[#This Row],[Shares]]+Posts_Cleaned[[#This Row],[Comments]])/Posts_Cleaned[[#This Row],[Impressions]]),0) -> 0.091897771 | Q56: =_xlfn.TEXTJOIN(", ", TRUE, Posts_Cleaned[[#This Row],[Hashtags Used.1]], Posts_Cleaned[[#This Row],[Hashtags Used.2]], Posts_Cleaned[[#This Row],[Hashtags Used.3]]) -> #EVRevolution | R56: =VLOOKUP(Posts_Cleaned[[#This Row],[Campaign_Name]],'Campaign Metadata Dataset '!$A$2:$B$5,2,0) -> 45717 | S56: =VLOOKUP(Posts_Cleaned[[#This Row],[Campaign_Name]],'Campaign Metadata Dataset '!$A$1:$C$5,3,0) -> 45747 | T56: =IF(AND(C56>R56, C56<=S56),"During Campaign","Before Campaign") -> Before Campaign | U56: =SUM(Posts_Cleaned[[#This Row],[Likes]]+Posts_Cleaned[[#This Row],[Shares]]+Posts_Cleaned[[#This Row],[Comments]]+Posts_Cleaned[[#This Row],[Clicks]]) -> 1475 | V56: =AVERAGEIF(Posts_Cleaned[[#This Row],[Period]]:T:T,"Before Campaign",Posts_Cleaned[[#This Row],[Engagement Rate ]]) -> 0.16246514 | W56: =AVERAGEIF($T$2:$T$302,"During Campaign",P56) -> 0.14176501 | X56: =(Posts_Cleaned[[#This Row],[During ]]-Posts_Cleaned[[#This Row],[Before ]])/Posts_Cleaned[[#This Row],[During ]] -> -0.14601718 | Y56: =IFERROR(VLOOKUP(O56, 'Campaign Metadata Dataset '!$A$1:$G$5,5,0),0) -> 180000 | Z56: =(F:F+G:G+H:H+K:K)/Y:Y -> 0.0081944444 | AA56: =(W:W-V:V)/W:W -> -0.14601718
A57: P056 | B57: Facebook | C57: 45644 | D57: Carousel | E57: Check out our latest carousel on facebook! | F57: 2946 | G57: 498 | H57: 367 | I57: 29460 | J57: 28527 | K57: 60 | L57: #FutureOfDriving | O57: FSDUpdate | P57: =IFERROR(((Posts_Cleaned[[#This Row],[Likes]]+Posts_Cleaned[[#This Row],[Shares]]+Posts_Cleaned[[#This Row],[Comments]])/Posts_Cleaned[[#This Row],[Impressions]]),0) -> 0.12936185 | Q57: =_xlfn.TEXTJOIN(", ", TRUE, Posts_Cleaned[[#This Row],[Hashtags Used.1]], Posts_Cleaned[[#This Row],[Hashtags Used.2]], Posts_Cleaned[[#This Row],[Hashtags Used.3]]) -> #FutureOfDriving | R57: =VLOOKUP(Posts_Cleaned[[#This Row],[Campaign_Name]],'Campaign Metadata Dataset '!$A$2:$B$5,2,0) -> 45651 | S57: =VLOOKUP(Posts_Cleaned[[#This Row],[Campaign_Name]],'Campaign Metadata Dataset '!$A$1:$C$5,3,0) -> 45667 | T57: =IF(AND(C57>R57, C57<=S57),"During Campaign","Before Campaign") -> Before Campaign | U57: =SUM(Posts_Cleaned[[#This Row],[Likes]]+Posts_Cleaned[[#This Row],[Shares]]+Posts_Cleaned[[#This Row],[Comments]]+Posts_Cleaned[[#This Row],[Clicks]]) -> 3871 | V57: =AVERAGEIF(Posts_Cleaned[[#This Row],[Period]]:T:T,"Before Campaign",Posts_Cleaned[[#This Row],[Engagement Rate ]]) -> 0.15046161 | W57: =AVERAGEIF($T$2:$T$302,"During Campaign",P57) -> 0.13794412 | X57: =(Posts_Cleaned[[#This Row],[During ]]-Posts_Cleaned[[#This Row],[Before ]])/Posts_Cleaned[[#This Row],[During ]] -> -0.090743232 | Y57: =IFERROR(VLOOKUP(O57, 'Campaign Metadata Dataset '!$A$1:$G$5,5,0),0) -> 250000 | Z57: =(F:F+G:G+H:H+K:K)/Y:Y -> 0.015484 | AA57: =(W:W-V:V)/W:W -> -0.090743232
A58: P057 | B58: X | C58: 45586 | D58: Video | E58: Check out our latest video on twitter! | F58: 2825 | G58: 535 | H58: 295 | I58: 45200 | J58: 44739 | K58: 169 | L58: #TeslaCoInnovation | O58: CybertruckLaunch | P58: =IFERROR(((Posts_Cleaned[[#This Row],[Likes]]+Posts_Cleaned[[#This Row],[Shares]]+Posts_Cleaned[[#This Row],[Comments]])/Posts_Cleaned[[#This Row],[Impressions]]),0) -> 0.080862832 | Q58: =_xlfn.TEXTJOIN(", ", TRUE, Posts_Cleaned[[#This Row],[Hashtags Used.1]], Posts_Cleaned[[#This Row],[Hashtags Used.2]], Posts_Cleaned[[#This Row],[Hashtags Used.3]]) -> #TeslaCoInnovation | R58: =VLOOKUP(Posts_Cleaned[[#This Row],[Campaign_Name]],'Campaign Metadata Dataset '!$A$2:$B$5,2,0) -> 45458 | S58: =VLOOKUP(Posts_Cleaned[[#This Row],[Campaign_Name]],'Campaign Metadata Dataset '!$A$1:$C$5,3,0) -> 45488 | T58: =IF(AND(C58>R58, C58<=S58),"During Campaign","Before Campaign") -> Before Campaign | U58: =SUM(Posts_Cleaned[[#This Row],[Likes]]+Posts_Cleaned[[#This Row],[Shares]]+Posts_Cleaned[[#This Row],[Comments]]+Posts_Cleaned[[#This Row],[Clicks]]) -> 3824 | V58: =AVERAGEIF(Posts_Cleaned[[#This Row],[Period]]:T:T,"Before Campaign",Posts_Cleaned[[#This Row],[Engagement Rate ]]) -> 0.15396293 | W58: =AVERAGEIF($T$2:$T$302,"During Campaign",P58) -> 0.20245449 | X58: =(Posts_Cleaned[[#This Row],[During ]]-Posts_Cleaned[[#This Row],[Before ]])/Posts_Cleaned[[#This Row],[During ]] -> 0.23951834 | Y58: =IFERROR(VLOOKUP(O58, 'Campaign Metadata Dataset '!$A$1:$G$5,5,0),0) -> 150000 | Z58: =(F:F+G:G+H:H+K:K)/Y:Y -> 0.025493333 | AA58: =(W:W-V:V)/W:W -> 0.23951834
A59: P058 | B59: Instagram | C59: 45762 | D59: Reel | E59: Check out our latest reel on instagram! | F59: 103 | G59: 770 | H59: 19 | I59: 1030 | J59: 410 | K59: 262 | L59: #TeslaCoInnovation | O59: SustainabilityDrive | P59: =IFERROR(((Posts_Cleaned[[#This Row],[Likes]]+Posts_Cleaned[[#This Row],[Shares]]+Posts_Cleaned[[#This Row],[Comments]])/Posts_Cleaned[[#This Row],[Impressions]]),0) -> 0.86601942 | Q59: =_xlfn.TEXTJOIN(", ", TRUE, Posts_Cleaned[[#This Row],[Hashtags Used.1]], Posts_Cleaned[[#This Row],[Hashtags Used.2]], Posts_Cleaned[[#This Row],[Hashtags Used.3]]) -> #TeslaCoInnovation | R59: =VLOOKUP(Posts_Cleaned[[#This Row],[Campaign_Name]],'Campaign Metadata Dataset '!$A$2:$B$5,2,0) -> 45717 | S59: =VLOOKUP(Posts_Cleaned[[#This Row],[Campaign_Name]],'Campaign Metadata Dataset '!$A$1:$C$5,3,0) -> 45747 | T59: =IF(AND(C59>R59, C59<=S59),"During Campaign","Before Campaign") -> Before Campaign | U59: =SUM(Posts_Cleaned[[#This Row],[Likes]]+Posts_Cleaned[[#This Row],[Shares]]+Posts_Cleaned[[#This Row],[Comments]]+Posts_Cleaned[[#This Row],[Clicks]]) -> 1154 | V59: =AVERAGEIF(Posts_Cleaned[[#This Row],[Period]]:T:T,"Before Campaign",Posts_Cleaned[[#This Row],[Engagement Rate ]]) -> 0.14329599 | W59: =AVERAGEIF($T$2:$T$302,"During Campaign",P59) -> 0.184719 | X59: =(Posts_Cleaned[[#This Row],[During ]]-Posts_Cleaned[[#This Row],[Before ]])/Posts_Cleaned[[#This Row],[During ]] -> 0.22424875 | Y59: =IFERROR(VLOOKUP(O59, 'Campaign Metadata Dataset '!$A$1:$G$5,5,0),0) -> 180000 | Z59: =(F:F+G:G+H:H+K:K)/Y:Y -> 0.0064111111 | AA59: =(W:W-V:V)/W:W -> 0.22424875
A60: P059 | B60: Instagram | C60: 45465 | D60: Text | E60: Check out our latest text on instagram! | F60: 2180 | G60: 263 | H60: 387 | I60: 30520 | J60: 30059 | K60: 174 | L60: #EVRevolution | P60: =IFERROR(((Posts_Cleaned[[#This Row],[Likes]]+Posts_Cleaned[[#This Row],[Shares]]+Posts_Cleaned[[#This Row],[Comments]])/Posts_Cleaned[[#This Row],[Impressions]]),0) -> 0.092726081 | Q60: =_xlfn.TEXTJOIN(", ", TRUE, Posts_Cleaned[[#This Row],[Hashtags Used.1]], Posts_Cleaned[[#This Row],[Hashtags Used.2]], Posts_Cleaned[[#This Row],[Hashtags Used.3]]) -> #EVRevolution | R60: =VLOOKUP(Posts_Cleaned[[#This Row],[Campaign_Name]],'Campaign Metadata Dataset '!$A$2:$B$5,2,0) -> #N/A | S60: =VLOOKUP(Posts_Cleaned[[#This Row],[Campaign_Name]],'Campaign Metadata Dataset '!$A$1:$C$5,3,0) -> #N/A | T60: =IF(AND(C60>R60, C60<=S60),"During Campaign","Before Campaign") -> #N/A | U60: =SUM(Posts_Cleaned[[#This Row],[Likes]]+Posts_Cleaned[[#This Row],[Shares]]+Posts_Cleaned[[#This Row],[Comments]]+Posts_Cleaned[[#This Row],[Clicks]]) -> 3004 | V60: =AVERAGEIF(Posts_Cleaned[[#This Row],[Period]]:T:T,"Before Campaign",Posts_Cleaned[[#This Row],[Engagement Rate ]]) -> 0.15400767 | W60: =AVERAGEIF($T$2:$T$302,"During Campaign",P60) -> 0.14206849 | X60: =(Posts_Cleaned[[#This Row],[During ]]-Posts_Cleaned[[#This Row],[Before ]])/Posts_Cleaned[[#This Row],[During ]] -> -0.084038147 | Y60: =IFERROR(VLOOKUP(O60, 'Campaign Metadata Dataset '!$A$1:$G$5,5,0),0) -> 0 | Z60: 0 | AA60: =(W:W-V:V)/W:W -> -0.084038147
A61: P060 | B61: Instagram | C61: 45685 | D61: Video | E61: Check out our latest video on instagram! | F61: 904 | G61: 973 | H61: 63 | I61: 11752 | J61: 11580 | K61: 84 | L61: #EVRevolution | M61: #TeslaCoInnovation | N61: #AnytimeIsTeslaTime | O61: FSDUpdate | P61: =IFERROR(((Posts_Cleaned[[#This Row],[Likes]]+Posts_Cleaned[[#This Row],[Shares]]+Posts_Cleaned[[#This Row],[Comments]])/Posts_Cleaned[[#This Row],[Impressions]]),0) -> 0.16507828 | Q61: =_xlfn.TEXTJOIN(", ", TRUE, Posts_Cleaned[[#This Row],[Hashtags Used.1]], Posts_Cleaned[[#This Row],[Hashtags Used.2]], Posts_Cleaned[[#This Row],[Hashtags Used.3]]) -> #EVRevolution, #TeslaCoInnovation, #AnytimeIsTeslaTime | R61: =VLOOKUP(Posts_Cleaned[[#This Row],[Campaign_Name]],'Campaign Metadata Dataset '!$A$2:$B$5,2,0) -> 45651 | S61: =VLOOKUP(Posts_Cleaned[[#This Row],[Campaign_Name]],'Campaign Metadata Dataset '!$A$1:$C$5,3,0) -> 45667 | T61: =IF(AND(C61>R61, C61<=S61),"During Campaign","Before Campaign") -> Before Campaign | U61: =SUM(Posts_Cleaned[[#This Row],[Likes]]+Posts_Cleaned[[#This Row],[Shares]]+Posts_Cleaned[[#This Row],[Comments]]+Posts_Cleaned[[#This Row],[Clicks]]) -> 2024 | V61: =AVERAGEIF(Posts_Cleaned[[#This Row],[Period]]:T:T,"Before Campaign",Posts_Cleaned[[#This Row],[Engagement Rate ]]) -> 0.14828397 | W61: =AVERAGEIF($T$2:$T$302,"During Campaign",P61) -> 0.13879813 | X61: =(Posts_Cleaned[[#This Row],[During ]]-Posts_Cleaned[[#This Row],[Before ]])/Posts_Cleaned[[#This Row],[During ]] -> -0.068342734 | Y61: =IFERROR(VLOOKUP(O61, 'Campaign Metadata Dataset '!$A$1:$G$5,5,0),0) -> 250000 | Z61: =(F:F+G:G+H:H+K:K)/Y:Y -> 0.008096 | AA61: =(W:W-V:V)/W:W -> -0.068342734
A62: P061 | B62: X | C62: 45540 | D62: Video | E62: Check out our latest video on twitter! | F62: 4886 | G62: 983 | H62: 409 | I62: 43974 | J62: 43239 | K62: 65 | L62: #TeslaCoInnovation | O62: CybertruckLaunch | P62: =IFERROR(((Posts_Cleaned[[#This Row],[Likes]]+Posts_Cleaned[[#This Row],[Shares]]+Posts_Cleaned[[#This Row],[Comments]])/Posts_Cleaned[[#This Row],[Impressions]]),0) -> 0.14276618 | Q62: =_xlfn.TEXTJOIN(", ", TRUE, Posts_Cleaned[[#This Row],[Hashtags Used.1]], Posts_Cleaned[[#This Row],[Hashtags Used.2]], Posts_Cleaned[[#This Row],[Hashtags Used.3]]) -> #TeslaCoInnovation | R62: =VLOOKUP(Posts_Cleaned[[#This Row],[Campaign_Name]],'Campaign Metadata Dataset '!$A$2:$B$5,2,0) -> 45458 | S62: =VLOOKUP(Posts_Cleaned[[#This Row],[Campaign_Name]],'Campaign Metadata Dataset '!$A$1:$C$5,3,0) -> 45488 | T62: =IF(AND(C62>R62, C62<=S62),"During Campaign","Before Campaign") -> Before Campaign | U62: =SUM(Posts_Cleaned[[#This Row],[Likes]]+Posts_Cleaned[[#This Row],[Shares]]+Posts_Cleaned[[#This Row],[Comments]]+Posts_Cleaned[[#This Row],[Clicks]]) -> 6343 | V62: =AVERAGEIF(Posts_Cleaned[[#This Row],[Period]]:T:T,"Before Campaign",Posts_Cleaned[[#This Row],[Engagement Rate ]]) -> 0.15769277 | W62: =AVERAGEIF($T$2:$T$302,"During Campaign",P62) -> 0.13547714 | X62: =(Posts_Cleaned[[#This Row],[During ]]-Posts_Cleaned[[#This Row],[Before ]])/Posts_Cleaned[[#This Row],[During ]] -> -0.1639806 | Y62: =IFERROR(VLOOKUP(O62, 'Campaign Metadata Dataset '!$A$1:$G$5,5,0),0) -> 150000 | Z62: =(F:F+G:G+H:H+K:K)/Y:Y -> 0.042286667 | AA62: =(W:W-V:V)/W:W -> -0.1639806
A63: P062 | B63: X | C63: 45618 | D63: Carousel | E63: Check out our latest carousel on twitter! | F63: 53 | G63: 81 | H63: 379 | I63: 954 | J63: 7 | K63: 148 | L63: #TeslaCoInnovation | O63: FSDUpdate | P63: =IFERROR(((Posts_Cleaned[[#This Row],[Likes]]+Posts_Cleaned[[#This Row],[Shares]]+Posts_Cleaned[[#This Row],[Comments]])/Posts_Cleaned[[#This Row],[Impressions]]),0) -> 0.53773585 | Q63: =_xlfn.TEXTJOIN(", ", TRUE, Posts_Cleaned[[#This Row],[Hashtags Used.1]], Posts_Cleaned[[#This Row],[Hashtags Used.2]], Posts_Cleaned[[#This Row],[Hashtags Used.3]]) -> #TeslaCoInnovation | R63: =VLOOKUP(Posts_Cleaned[[#This Row],[Campaign_Name]],'Campaign Metadata Dataset '!$A$2:$B$5,2,0) -> 45651 | S63: =VLOOKUP(Posts_Cleaned[[#This Row],[Campaign_Name]],'Campaign Metadata Dataset '!$A$1:$C$5,3,0) -> 45667 | T63: =IF(AND(C63>R63, C63<=S63),"During Campaign","Before Campaign") -> Before Campaign | U63: =SUM(Posts_Cleaned[[#This Row],[Likes]]+Posts_Cleaned[[#This Row],[Shares]]+Posts_Cleaned[[#This Row],[Comments]]+Posts_Cleaned[[#This Row],[Clicks]]) -> 661 | V63: =AVERAGEIF(Posts_Cleaned[[#This Row],[Period]]:T:T,"Before Campaign",Posts_Cleaned[[#This Row],[Engagement Rate ]]) -> 0.15386861 | W63: =AVERAGEIF($T$2:$T$302,"During Campaign",P63) -> 0.17272587 | X63: =(Posts_Cleaned[[#This Row],[During ]]-Posts_Cleaned[[#This Row],[Before ]])/Posts_Cleaned[[#This Row],[During ]] -> 0.10917452 | Y63: =IFERROR(VLOOKUP(O63, 'Campaign Metadata Dataset '!$A$1:$G$5,5,0),0) -> 250000 | Z63: =(F:F+G:G+H:H+K:K)/Y:Y -> 0.002644 | AA63: =(W:W-V:V)/W:W -> 0.10917452
A64: P063 | B64: X | C64: 45504 | D64: Carousel | E64: Check out our latest carousel on twitter! | F64: 4507 | G64: 217 | H64: 13 | I64: 90140 | J64: 89591 | K64: 125 | L64: #FutureOfDriving | O64: FSDUpdate | P64: =IFERROR(((Posts_Cleaned[[#This Row],[Likes]]+Posts_Cleaned[[#This Row],[Shares]]+Posts_Cleaned[[#This Row],[Comments]])/Posts_Cleaned[[#This Row],[Impressions]]),0) -> 0.052551586 | Q64: =_xlfn.TEXTJOIN(", ", TRUE, Posts_Cleaned[[#This Row],[Hashtags Used.1]], Posts_Cleaned[[#This Row],[Hashtags Used.2]], Posts_Cleaned[[#This Row],[Hashtags Used.3]]) -> #FutureOfDriving | R64: =VLOOKUP(Posts_Cleaned[[#This Row],[Campaign_Name]],'Campaign Metadata Dataset '!$A$2:$B$5,2,0) -> 45651 | S64: =VLOOKUP(Posts_Cleaned[[#This Row],[Campaign_Name]],'Campaign Metadata Dataset '!$A$1:$C$5,3,0) -> 45667 | T64: =IF(AND(C64>R64, C64<=S64),"During Campaign","Before Campaign") -> Before Campaign | U64: =SUM(Posts_Cleaned[[#This Row],[Likes]]+Posts_Cleaned[[#This Row],[Shares]]+Posts_Cleaned[[#This Row],[Comments]]+Posts_Cleaned[[#This Row],[Clicks]]) -> 4862 | V64: =AVERAGEIF(Posts_Cleaned[[#This Row],[Period]]:T:T,"Before Campaign",Posts_Cleaned[[#This Row],[Engagement Rate ]]) -> 0.1524649 | W64: =AVERAGEIF($T$2:$T$302,"During Campaign",P64) -> 0.15456755 | X64: =(Posts_Cleaned[[#This Row],[During ]]-Posts_Cleaned[[#This Row],[Before ]])/Posts_Cleaned[[#This Row],[During ]] -> 0.013603417 | Y64: =IFERROR(VLOOKUP(O64, 'Campaign Metadata Dataset '!$A$1:$G$5,5,0),0) -> 250000 | Z64: =(F:F+G:G+H:H+K:K)/Y:Y -> 0.019448 | AA64: =(W:W-V:V)/W:W -> 0.013603417
A65: P064 | B65: Facebook | C65: 45521 | D65: Image | E65: Check out our latest image on facebook! | F65: 2878 | G65: 248 | H65: 416 | I65: 43170 | J65: 42667 | K65: 75 | L65: #FutureOfDriving | O65: FSDUpdate | P65: =IFERROR(((Posts_Cleaned[[#This Row],[Likes]]+Posts_Cleaned[[#This Row],[Shares]]+Posts_Cleaned[[#This Row],[Comments]])/Posts_Cleaned[[#This Row],[Impressions]]),0) -> 0.082047718 | Q65: =_xlfn.TEXTJOIN(", ", TRUE, Posts_Cleaned[[#This Row],[Hashtags Used.1]], Posts_Cleaned[[#This Row],[Hashtags Used.2]], Posts_Cleaned[[#This Row],[Hashtags Used.3]]) -> #FutureOfDriving | R65: =VLOOKUP(Posts_Cleaned[[#This Row],[Campaign_Name]],'Campaign Metadata Dataset '!$A$2:$B$5,2,0) -> 45651 | S65: =VLOOKUP(Posts_Cleaned[[#This Row],[Campaign_Name]],'Campaign Metadata Dataset '!$A$1:$C$5,3,0) -> 45667 | T65: =IF(AND(C65>R65, C65<=S65),"During Campaign","Before Campaign") -> Before Campaign | U65: =SUM(Posts_Cleaned[[#This Row],[Likes]]+Posts_Cleaned[[#This Row],[Shares]]+Posts_Cleaned[[#This Row],[Comments]]+Posts_Cleaned[[#This Row],[Clicks]]) -> 3617 | V65: =AVERAGEIF(Posts_Cleaned[[#This Row],[Period]]:T:T,"Before Campaign",Posts_Cleaned[[#This Row],[Engagement Rate ]]) -> 0.14447586 | W65: =AVERAGEIF($T$2:$T$302,"During Campaign",P65) -> 0.14962319 | X65: =(Posts_Cleaned[[#This Row],[During ]]-Posts_Cleaned[[#This Row],[Before ]])/Posts_Cleaned[[#This Row],[During ]] -> 0.034401963 | Y65: =IFERROR(VLOOKUP(O65, 'Campaign Metadata Dataset '!$A$1:$G$5,5,0),0) -> 250000 | Z65: =(F:F+G:G+H:H+K:K)/Y:Y -> 0.014468 | AA65: =(W:W-V:V)/W:W -> 0.034401963
A66: P065 | B66: Instagram | C66: 45744 | D66: Story | E66: Check out our latest story on instagram! | F66: 1881 | G66: 501 | H66: 99 | I66: 20691 | J66: 19987 | K66: 289 | L66: #EVRevolution | P66: =IFERROR(((Posts_Cleaned[[#This Row],[Likes]]+Posts_Cleaned[[#This Row],[Shares]]+Posts_Cleaned[[#This Row],[Comments]])/Posts_Cleaned[[#This Row],[Impressions]]),0) -> 0.11990721 | Q66: =_xlfn.TEXTJOIN(", ", TRUE, Posts_Cleaned[[#This Row],[Hashtags Used.1]], Posts_Cleaned[[#This Row],[Hashtags Used.2]], Posts_Cleaned[[#This Row],[Hashtags Used.3]]) -> #EVRevolution | R66: =VLOOKUP(Posts_Cleaned[[#This Row],[Campaign_Name]],'Campaign Metadata Dataset '!$A$2:$B$5,2,0) -> #N/A | S66: =VLOOKUP(Posts_Cleaned[[#This Row],[Campaign_Name]],'Campaign Metadata Dataset '!$A$1:$C$5,3,0) -> #N/A | T66: =IF(AND(C66>R66, C66<=S66),"During Campaign","Before Campaign") -> #N/A | U66: =SUM(Posts_Cleaned[[#This Row],[Likes]]+Posts_Cleaned[[#This Row],[Shares]]+Posts_Cleaned[[#This Row],[Comments]]+Posts_Cleaned[[#This Row],[Clicks]]) -> 2770 | V66: =AVERAGEIF(Posts_Cleaned[[#This Row],[Period]]:T:T,"Before Campaign",Posts_Cleaned[[#This Row],[Engagement Rate ]]) -> 0.15266478 | W66: =AVERAGEIF($T$2:$T$302,"During Campaign",P66) -> 0.23702735 | X66: =(Posts_Cleaned[[#This Row],[During ]]-Posts_Cleaned[[#This Row],[Before ]])/Posts_Cleaned[[#This Row],[During ]] -> 0.35591915 | Y66: =IFERROR(VLOOKUP(O66, 'Campaign Metadata Dataset '!$A$1:$G$5,5,0),0) -> 0 | Z66: 0 | AA66: =(W:W-V:V)/W:W -> 0.35591915
A67: P066 | B67: X | C67: 45499 | D67: Carousel | E67: Check out our latest carousel on twitter! | F67: 432 | G67: 171 | H67: 280 | I67: 3024 | J67: 2285 | K67: 184 | L67: #EVRevolution | O67: CybertruckLaunch | P67: =IFERROR(((Posts_Cleaned[[#This Row],[Likes]]+Posts_Cleaned[[#This Row],[Shares]]+Posts_Cleaned[[#This Row],[Comments]])/Posts_Cleaned[[#This Row],[Impressions]]),0) -> 0.29199735 | Q67: =_xlfn.TEXTJOIN(", ", TRUE, Posts_Cleaned[[#This Row],[Hashtags Used.1]], Posts_Cleaned[[#This Row],[Hashtags Used.2]], Posts_Cleaned[[#This Row],[Hashtags Used.3]]) -> #EVRevolution | R67: =VLOOKUP(Posts_Cleaned[[#This Row],[Campaign_Name]],'Campaign Metadata Dataset '!$A$2:$B$5,2,0) -> 45458 | S67: =VLOOKUP(Posts_Cleaned[[#This Row],[Campaign_Name]],'Campaign Metadata Dataset '!$A$1:$C$5,3,0) -> 45488 | T67: =IF(AND(C67>R67, C67<=S67),"During Campaign","Before Campaign") -> Before Campaign | U67: =SUM(Posts_Cleaned[[#This Row],[Likes]]+Posts_Cleaned[[#This Row],[Shares]]+Posts_Cleaned[[#This Row],[Comments]]+Posts_Cleaned[[#This Row],[Clicks]]) -> 1067 | V67: =AVERAGEIF(Posts_Cleaned[[#This Row],[Period]]:T:T,"Before Campaign",Posts_Cleaned[[#This Row],[Engagement Rate ]]) -> 0.15850944 | W67: =AVERAGEIF($T$2:$T$302,"During Campaign",P67) -> 0.1630114 | X67: =(Posts_Cleaned[[#This Row],[During ]]-Posts_Cleaned[[#This Row],[Before ]])/Posts_Cleaned[[#This Row],[During ]] -> 0.027617451 | Y67: =IFERROR(VLOOKUP(O67, 'Campaign Metadata Dataset '!$A$1:$G$5,5,0),0) -> 150000 | Z67: =(F:F+G:G+H:H+K:K)/Y:Y -> 0.0071133333 | AA67: =(W:W-V:V)/W:W -> 0.027617451
A68: P067 | B68: Facebook | C68: 45745 | D68: Carousel | E68: Check out our latest carousel on facebook! | F68: 4712 | G68: 568 | H68: 127 | I68: 84816 | J68: 84691 | K68: 100 | L68: #EVRevolution | O68: FSDUpdate | P68: =IFERROR(((Posts_Cleaned[[#This Row],[Likes]]+Posts_Cleaned[[#This Row],[Shares]]+Posts_Cleaned[[#This Row],[Comments]])/Posts_Cleaned[[#This Row],[Impressions]]),0) -> 0.063749764 | Q68: =_xlfn.TEXTJOIN(", ", TRUE, Posts_Cleaned[[#This Row],[Hashtags Used.1]], Posts_Cleaned[[#This Row],[Hashtags Used.2]], Posts_Cleaned[[#This Row],[Hashtags Used.3]]) -> #EVRevolution | R68: =VLOOKUP(Posts_Cleaned[[#This Row],[Campaign_Name]],'Campaign Metadata Dataset '!$A$2:$B$5,2,0) -> 45651 | S68: =VLOOKUP(Posts_Cleaned[[#This Row],[Campaign_Name]],'Campaign Metadata Dataset '!$A$1:$C$5,3,0) -> 45667 | T68: =IF(AND(C68>R68, C68<=S68),"During Campaign","Before Campaign") -> Before Campaign | U68: =SUM(Posts_Cleaned[[#This Row],[Likes]]+Posts_Cleaned[[#This Row],[Shares]]+Posts_Cleaned[[#This Row],[Comments]]+Posts_Cleaned[[#This Row],[Clicks]]) -> 5507 | V68: =AVERAGEIF(Posts_Cleaned[[#This Row],[Period]]:T:T,"Before Campaign",Posts_Cleaned[[#This Row],[Engagement Rate ]]) -> 0.14998345 | W68: =AVERAGEIF($T$2:$T$302,"During Campaign",P68) -> 0.11820759 | X68: =(Posts_Cleaned[[#This Row],[During ]]-Posts_Cleaned[[#This Row],[Before ]])/Posts_Cleaned[[#This Row],[During ]] -> -0.26881409 | Y68: =IFERROR(VLOOKUP(O68, 'Campaign Metadata Dataset '!$A$1:$G$5,5,0),0) -> 250000 | Z68: =(F:F+G:G+H:H+K:K)/Y:Y -> 0.022028 | AA68: =(W:W-V:V)/W:W -> -0.26881409
A69: P068 | B69: Instagram | C69: 45634 | D69: Story | E69: Check out our latest story on instagram! | F69: 2610 | G69: 126 | H69: 288 | I69: 15660 | J69: 15145 | K69: 73 | L69: #EVRevolution | P69: =IFERROR(((Posts_Cleaned[[#This Row],[Likes]]+Posts_Cleaned[[#This Row],[Shares]]+Posts_Cleaned[[#This Row],[Comments]])/Posts_Cleaned[[#This Row],[Impressions]]),0) -> 0.19310345 | Q69: =_xlfn.TEXTJOIN(", ", TRUE, Posts_Cleaned[[#This Row],[Hashtags Used.1]], Posts_Cleaned[[#This Row],[Hashtags Used.2]], Posts_Cleaned[[#This Row],[Hashtags Used.3]]) -> #EVRevolution | R69: =VLOOKUP(Posts_Cleaned[[#This Row],[Campaign_Name]],'Campaign Metadata Dataset '!$A$2:$B$5,2,0) -> #N/A | S69: =VLOOKUP(Posts_Cleaned[[#This Row],[Campaign_Name]],'Campaign Metadata Dataset '!$A$1:$C$5,3,0) -> #N/A | T69: =IF(AND(C69>R69, C69<=S69),"During Campaign","Before Campaign") -> #N/A | U69: =SUM(Posts_Cleaned[[#This Row],[Likes]]+Posts_Cleaned[[#This Row],[Shares]]+Posts_Cleaned[[#This Row],[Comments]]+Posts_Cleaned[[#This Row],[Clicks]]) -> 3097 | V69: =AVERAGEIF(Posts_Cleaned[[#This Row],[Period]]:T:T,"Before Campaign",Posts_Cleaned[[#This Row],[Engagement Rate ]]) -> 0.15264071 | W69: =AVERAGEIF($T$2:$T$302,"During Campaign",P69) -> 0.20558691 | X69: =(Posts_Cleaned[[#This Row],[During ]]-Posts_Cleaned[[#This Row],[Before ]])/Posts_Cleaned[[#This Row],[During ]] -> 0.25753685 | Y69: =IFERROR(VLOOKUP(O69, 'Campaign Metadata Dataset '!$A$1:$G$5,5,0),0) -> 0 | Z69: 0 | AA69: =(W:W-V:V)/W:W -> 0.25753685
A70: P069 | B70: X | C70: 45724 | D70: Text | E70: Check out our latest text on twitter! | F70: 1292 | G70: 626 | H70: 496 | I70: 25840 | J70: 24916 | K70: 149 | L70: #FutureOfDriving | O70: FSDUpdate | P70: =IFERROR(((Posts_Cleaned[[#This Row],[Likes]]+Posts_Cleaned[[#This Row],[Shares]]+Posts_Cleaned[[#This Row],[Comments]])/Posts_Cleaned[[#This Row],[Impressions]]),0) -> 0.093421053 | Q70: =_xlfn.TEXTJOIN(", ", TRUE, Posts_Cleaned[[#This Row],[Hashtags Used.1]], Posts_Cleaned[[#This Row],[Hashtags Used.2]], Posts_Cleaned[[#This Row],[Hashtags Used.3]]) -> #FutureOfDriving | R70: =VLOOKUP(Posts_Cleaned[[#This Row],[Campaign_Name]],'Campaign Metadata Dataset '!$A$2:$B$5,2,0) -> 45651 | S70: =VLOOKUP(Posts_Cleaned[[#This Row],[Campaign_Name]],'Campaign Metadata Dataset '!$A$1:$C$5,3,0) -> 45667 | T70: =IF(AND(C70>R70, C70<=S70),"During Campaign","Before Campaign") -> Before Campaign | U70: =SUM(Posts_Cleaned[[#This Row],[Likes]]+Posts_Cleaned[[#This Row],[Shares]]+Posts_Cleaned[[#This Row],[Comments]]+Posts_Cleaned[[#This Row],[Clicks]]) -> 2563 | V70: =AVERAGEIF(Posts_Cleaned[[#This Row],[Period]]:T:T,"Before Campaign",Posts_Cleaned[[#This Row],[Engagement Rate ]]) -> 0.15727314 | W70: =AVERAGEIF($T$2:$T$302,"During Campaign",P70) -> 0.15249123 | X70: =(Posts_Cleaned[[#This Row],[During ]]-Posts_Cleaned[[#This Row],[Before ]])/Posts_Cleaned[[#This Row],[During ]] -> -0.031358546 | Y70: =IFERROR(VLOOKUP(O70, 'Campaign Metadata Dataset '!$A$1:$G$5,5,0),0) -> 250000 | Z70: =(F:F+G:G+H:H+K:K)/Y:Y -> 0.010252 | AA70: =(W:W-V:V)/W:W -> -0.031358546
A71: P070 | B71: Facebook | C71: 45749 | D71: Video | E71: Check out our latest video on facebook! | F71: 199 | G71: 772 | H71: 400 | I71: 3582 | J71: 2988 | K71: 43 | L71: #TeslaCoInnovation | P71: =IFERROR(((Posts_Cleaned[[#This Row],[Likes]]+Posts_Cleaned[[#This Row],[Shares]]+Posts_Cleaned[[#This Row],[Comments]])/Posts_Cleaned[[#This Row],[Impressions]]),0) -> 0.38274707 | Q71: =_xlfn.TEXTJOIN(", ", TRUE, Posts_Cleaned[[#This Row],[Hashtags Used.1]], Posts_Cleaned[[#This Row],[Hashtags Used.2]], Posts_Cleaned[[#This Row],[Hashtags Used.3]]) -> #TeslaCoInnovation | R71: =VLOOKUP(Posts_Cleaned[[#This Row],[Campaign_Name]],'Campaign Metadata Dataset '!$A$2:$B$5,2,0) -> #N/A | S71: =VLOOKUP(Posts_Cleaned[[#This Row],[Campaign_Name]],'Campaign Metadata Dataset '!$A$1:$C$5,3,0) -> #N/A | T71: =IF(AND(C71>R71, C71<=S71),"During Campaign","Before Campaign") -> #N/A | U71: =SUM(Posts_Cleaned[[#This Row],[Likes]]+Posts_Cleaned[[#This Row],[Shares]]+Posts_Cleaned[[#This Row],[Comments]]+Posts_Cleaned[[#This Row],[Clicks]]) -> 1414 | V71: =AVERAGEIF(Posts_Cleaned[[#This Row],[Period]]:T:T,"Before Campaign",Posts_Cleaned[[#This Row],[Engagement Rate ]]) -> 0.1543868 | W71: =AVERAGEIF($T$2:$T$302,"During Campaign",P71) -> 0.1350874 | X71: =(Posts_Cleaned[[#This Row],[During ]]-Posts_Cleaned[[#This Row],[Before ]])/Posts_Cleaned[[#This Row],[During ]] -> -0.14286607 | Y71: =IFERROR(VLOOKUP(O71, 'Campaign Metadata Dataset '!$A$1:$G$5,5,0),0) -> 0 | Z71: 0 | AA71: =(W:W-V:V)/W:W -> -0.14286607
A72: P071 | B72: YouTube | C72: 45537 | D72: Carousel | E72: Check out our latest carousel on youtube! | F72: 2551 | G72: 915 | H72: 205 | I72: 30612 | J72: 30360 | K72: 227 | L72: #TeslaCoInnovation | O72: ModelYCampaign | P72: =IFERROR(((Posts_Cleaned[[#This Row],[Likes]]+Posts_Cleaned[[#This Row],[Shares]]+Posts_Cleaned[[#This Row],[Comments]])/Posts_Cleaned[[#This Row],[Impressions]]),0) -> 0.11992029 | Q72: =_xlfn.TEXTJOIN(", ", TRUE, Posts_Cleaned[[#This Row],[Hashtags Used.1]], Posts_Cleaned[[#This Row],[Hashtags Used.2]], Posts_Cleaned[[#This Row],[Hashtags Used.3]]) -> #TeslaCoInnovation | R72: =VLOOKUP(Posts_Cleaned[[#This Row],[Campaign_Name]],'Campaign Metadata Dataset '!$A$2:$B$5,2,0) -> 45566 | S72: =VLOOKUP(Posts_Cleaned[[#This Row],[Campaign_Name]],'Campaign Metadata Dataset '!$A$1:$C$5,3,0) -> 45596 | T72: =IF(AND(C72>R72, C72<=S72),"During Campaign","Before Campaign") -> Before Campaign | U72: =SUM(Posts_Cleaned[[#This Row],[Likes]]+Posts_Cleaned[[#This Row],[Shares]]+Posts_Cleaned[[#This Row],[Comments]]+Posts_Cleaned[[#This Row],[Clicks]]) -> 3898 | V72: =AVERAGEIF(Posts_Cleaned[[#This Row],[Period]]:T:T,"Before Campaign",Posts_Cleaned[[#This Row],[Engagement Rate ]]) -> 0.14480894 | W72: =AVERAGEIF($T$2:$T$302,"During Campaign",P72) -> 0.1311464 | X72: =(Posts_Cleaned[[#This Row],[During ]]-Posts_Cleaned[[#This Row],[Before ]])/Posts_Cleaned[[#This Row],[During ]] -> -0.1041778 | Y72: =IFERROR(VLOOKUP(O72, 'Campaign Metadata Dataset '!$A$1:$G$5,5,0),0) -> 200000 | Z72: =(F:F+G:G+H:H+K:K)/Y:Y -> 0.01949 | AA72: =(W:W-V:V)/W:W -> -0.1041778
A73: P072 | B73: YouTube | C73: 45719 | D73: Reel | E73: Check out our latest reel on youtube! | F73: 296 | G73: 60 | H73: 141 | I73: 5624 | J73: 5239 | K73: 88 | L73: #EVRevolution | O73: ModelYCampaign | P73: =IFERROR(((Posts_Cleaned[[#This Row],[Likes]]+Posts_Cleaned[[#This Row],[Shares]]+Posts_Cleaned[[#This Row],[Comments]])/Posts_Cleaned[[#This Row],[Impressions]]),0) -> 0.088371266 | Q73: =_xlfn.TEXTJOIN(", ", TRUE, Posts_Cleaned[[#This Row],[Hashtags Used.1]], Posts_Cleaned[[#This Row],[Hashtags Used.2]], Posts_Cleaned[[#This Row],[Hashtags Used.3]]) -> #EVRevolution | R73: =VLOOKUP(Posts_Cleaned[[#This Row],[Campaign_Name]],'Campaign Metadata Dataset '!$A$2:$B$5,2,0) -> 45566 | S73: =VLOOKUP(Posts_Cleaned[[#This Row],[Campaign_Name]],'Campaign Metadata Dataset '!$A$1:$C$5,3,0) -> 45596 | T73: =IF(AND(C73>R73, C73<=S73),"During Campaign","Before Campaign") -> Before Campaign | U73: =SUM(Posts_Cleaned[[#This Row],[Likes]]+Posts_Cleaned[[#This Row],[Shares]]+Posts_Cleaned[[#This Row],[Comments]]+Posts_Cleaned[[#This Row],[Clicks]]) -> 585 | V73: =AVERAGEIF(Posts_Cleaned[[#This Row],[Period]]:T:T,"Before Campaign",Posts_Cleaned[[#This Row],[Engagement Rate ]]) -> 0.14938128 | W73: =AVERAGEIF($T$2:$T$302,"During Campaign",P73) -> 0.22308304 | X73: =(Posts_Cleaned[[#This Row],[During ]]-Posts_Cleaned[[#This Row],[Before ]])/Posts_Cleaned[[#This Row],[During ]] -> 0.33037814 | Y73: =IFERROR(VLOOKUP(O73, 'Campaign Metadata Dataset '!$A$1:$G$5,5,0),0) -> 200000 | Z73: =(F:F+G:G+H:H+K:K)/Y:Y -> 0.002925 | AA73: =(W:W-V:V)/W:W -> 0.33037814
A74: P073 | B74: Facebook | C74: 45583 | D74: Story | E74: Check out our latest story on facebook! | F74: 4126 | G74: 426 | H74: 486 | I74: 78394 | J74: 77798 | K74: 88 | L74: #FutureOfDriving | O74: SustainabilityDrive | P74: =IFERROR(((Posts_Cleaned[[#This Row],[Likes]]+Posts_Cleaned[[#This Row],[Shares]]+Posts_Cleaned[[#This Row],[Comments]])/Posts_Cleaned[[#This Row],[Impressions]]),0) -> 0.064265122 | Q74: =_xlfn.TEXTJOIN(", ", TRUE, Posts_Cleaned[[#This Row],[Hashtags Used.1]], Posts_Cleaned[[#This Row],[Hashtags Used.2]], Posts_Cleaned[[#This Row],[Hashtags Used.3]]) -> #FutureOfDriving | R74: =VLOOKUP(Posts_Cleaned[[#This Row],[Campaign_Name]],'Campaign Metadata Dataset '!$A$2:$B$5,2,0) -> 45717 | S74: =VLOOKUP(Posts_Cleaned[[#This Row],[Campaign_Name]],'Campaign Metadata Dataset '!$A$1:$C$5,3,0) -> 45747 | T74: =IF(AND(C74>R74, C74<=S74),"During Campaign","Before Campaign") -> Before Campaign | U74: =SUM(Posts_Cleaned[[#This Row],[Likes]]+Posts_Cleaned[[#This Row],[Shares]]+Posts_Cleaned[[#This Row],[Comments]]+Posts_Cleaned[[#This Row],[Clicks]]) -> 5126 | V74: =AVERAGEIF(Posts_Cleaned[[#This Row],[Period]]:T:T,"Before Campaign",Posts_Cleaned[[#This Row],[Engagement Rate ]]) -> 0.14173389 | W74: =AVERAGEIF($T$2:$T$302,"During Campaign",P74) -> 0.1478348 | X74: =(Posts_Cleaned[[#This Row],[During ]]-Posts_Cleaned[[#This Row],[Before ]])/Posts_Cleaned[[#This Row],[During ]] -> 0.041268482 | Y74: =IFERROR(VLOOKUP(O74, 'Campaign Metadata Dataset '!$A$1:$G$5,5,0),0) -> 180000 | Z74: =(F:F+G:G+H:H+K:K)/Y:Y -> 0.028477778 | AA74: =(W:W-V:V)/W:W -> 0.041268482
A75: P074 | B75: YouTube | C75: 45593 | D75: Reel | E75: Check out our latest reel on youtube! | F75: 1855 | G75: 200 | H75: 174 | I75: 16695 | J75: 16330 | K75: 123 | L75: #TeslaCoInnovation | O75: FSDUpdate | P75: =IFERROR(((Posts_Cleaned[[#This Row],[Likes]]+Posts_Cleaned[[#This Row],[Shares]]+Posts_Cleaned[[#This Row],[Comments]])/Posts_Cleaned[[#This Row],[Impressions]]),0) -> 0.13351303 | Q75: =_xlfn.TEXTJOIN(", ", TRUE, Posts_Cleaned[[#This Row],[Hashtags Used.1]], Posts_Cleaned[[#This Row],[Hashtags Used.2]], Posts_Cleaned[[#This Row],[Hashtags Used.3]]) -> #TeslaCoInnovation | R75: =VLOOKUP(Posts_Cleaned[[#This Row],[Campaign_Name]],'Campaign Metadata Dataset '!$A$2:$B$5,2,0) -> 45651 | S75: =VLOOKUP(Posts_Cleaned[[#This Row],[Campaign_Name]],'Campaign Metadata Dataset '!$A$1:$C$5,3,0) -> 45667 | T75: =IF(AND(C75>R75, C75<=S75),"During Campaign","Before Campaign") -> Before Campaign | U75: =SUM(Posts_Cleaned[[#This Row],[Likes]]+Posts_Cleaned[[#This Row],[Shares]]+Posts_Cleaned[[#This Row],[Comments]]+Posts_Cleaned[[#This Row],[Clicks]]) -> 2352 | V75: =AVERAGEIF(Posts_Cleaned[[#This Row],[Period]]:T:T,"Before Campaign",Posts_Cleaned[[#This Row],[Engagement Rate ]]) -> 0.14706871 | W75: =AVERAGEIF($T$2:$T$302,"During Campaign",P75) -> 0.20759524 | X75: =(Posts_Cleaned[[#This Row],[During ]]-Posts_Cleaned[[#This Row],[Before ]])/Posts_Cleaned[[#This Row],[During ]] -> 0.29156029 | Y75: =IFERROR(VLOOKUP(O75, 'Campaign Metadata Dataset '!$A$1:$G$5,5,0),0) -> 250000 | Z75: =(F:F+G:G+H:H+K:K)/Y:Y -> 0.009408 | AA75: =(W:W-V:V)/W:W -> 0.29156029
A76: P075 | B76: Instagram | C76: 45505 | D76: Reel | E76: Check out our latest reel on instagram! | F76: 1674 | G76: 929 | H76: 37 | I76: 21762 | J76: 20998 | K76: 255 | L76: #TeslaCoInnovation | O76: SustainabilityDrive | P76: =IFERROR(((Posts_Cleaned[[#This Row],[Likes]]+Posts_Cleaned[[#This Row],[Shares]]+Posts_Cleaned[[#This Row],[Comments]])/Posts_Cleaned[[#This Row],[Impressions]]),0) -> 0.12131238 | Q76: =_xlfn.TEXTJOIN(", ", TRUE, Posts_Cleaned[[#This Row],[Hashtags Used.1]], Posts_Cleaned[[#This Row],[Hashtags Used.2]], Posts_Cleaned[[#This Row],[Hashtags Used.3]]) -> #TeslaCoInnovation | R76: =VLOOKUP(Posts_Cleaned[[#This Row],[Campaign_Name]],'Campaign Metadata Dataset '!$A$2:$B$5,2,0) -> 45717 | S76: =VLOOKUP(Posts_Cleaned[[#This Row],[Campaign_Name]],'Campaign Metadata Dataset '!$A$1:$C$5,3,0) -> 45747 | T76: =IF(AND(C76>R76, C76<=S76),"During Campaign","Before Campaign") -> Before Campaign | U76: =SUM(Posts_Cleaned[[#This Row],[Likes]]+Posts_Cleaned[[#This Row],[Shares]]+Posts_Cleaned[[#This Row],[Comments]]+Posts_Cleaned[[#This Row],[Clicks]]) -> 2895 | V76: =AVERAGEIF(Posts_Cleaned[[#This Row],[Period]]:T:T,"Before Campaign",Posts_Cleaned[[#This Row],[Engagement Rate ]]) -> 0.15598415 | W76: =AVERAGEIF($T$2:$T$302,"During Campaign",P76) -> 0.11285204 | X76: =(Posts_Cleaned[[#This Row],[During ]]-Posts_Cleaned[[#This Row],[Before ]])/Posts_Cleaned[[#This Row],[During ]] -> -0.38220058 | Y76: =IFERROR(VLOOKUP(O76, 'Campaign Metadata Dataset '!$A$1:$G$5,5,0),0) -> 180000 | Z76: =(F:F+G:G+H:H+K:K)/Y:Y -> 0.016083333 | AA76: =(W:W-V:V)/W:W -> -0.38220058
A77: P076 | B77: X | C77: 45603 | D77: Story | E77: Check out our latest story on twitter! | F77: 1121 | G77: 135 | H77: 18 | I77: 15694 | J77: 14957 | K77: 99 | L77: #TeslaCoInnovation | O77: SustainabilityDrive | P77: =IFERROR(((Posts_Cleaned[[#This Row],[Likes]]+Posts_Cleaned[[#This Row],[Shares]]+Posts_Cleaned[[#This Row],[Comments]])/Posts_Cleaned[[#This Row],[Impressions]]),0) -> 0.08117752 | Q77: =_xlfn.TEXTJOIN(", ", TRUE, Posts_Cleaned[[#This Row],[Hashtags Used.1]], Posts_Cleaned[[#This Row],[Hashtags Used.2]], Posts_Cleaned[[#This Row],[Hashtags Used.3]]) -> #TeslaCoInnovation | R77: =VLOOKUP(Posts_Cleaned[[#This Row],[Campaign_Name]],'Campaign Metadata Dataset '!$A$2:$B$5,2,0) -> 45717 | S77: =VLOOKUP(Posts_Cleaned[[#This Row],[Campaign_Name]],'Campaign Metadata Dataset '!$A$1:$C$5,3,0) -> 45747 | T77: =IF(AND(C77>R77, C77<=S77),"During Campaign","Before Campaign") -> Before Campaign | U77: =SUM(Posts_Cleaned[[#This Row],[Likes]]+Posts_Cleaned[[#This Row],[Shares]]+Posts_Cleaned[[#This Row],[Comments]]+Posts_Cleaned[[#This Row],[Clicks]]) -> 1373 | V77: =AVERAGEIF(Posts_Cleaned[[#This Row],[Period]]:T:T,"Before Campaign",Posts_Cleaned[[#This Row],[Engagement Rate ]]) -> 0.15686428 | W77: =AVERAGEIF($T$2:$T$302,"During Campaign",P77) -> 0.11959171 | X77: =(Posts_Cleaned[[#This Row],[During ]]-Posts_Cleaned[[#This Row],[Before ]])/Posts_Cleaned[[#This Row],[During ]] -> -0.31166517 | Y77: =IFERROR(VLOOKUP(O77, 'Campaign Metadata Dataset '!$A$1:$G$5,5,0),0) -> 180000 | Z77: =(F:F+G:G+H:H+K:K)/Y:Y -> 0.0076277778 | AA77: =(W:W-V:V)/W:W -> -0.31166517
A78: P077 | B78: Facebook | C78: 45720 | D78: Story | E78: Check out our latest story on facebook! | F78: 1249 | G78: 116 | H78: 420 | I78: 8743 | J78: 8538 | K78: 63 | L78: #TeslaCoInnovation | P78: =IFERROR(((Posts_Cleaned[[#This Row],[Likes]]+Posts_Cleaned[[#This Row],[Shares]]+Posts_Cleaned[[#This Row],[Comments]])/Posts_Cleaned[[#This Row],[Impressions]]),0) -> 0.20416333 | Q78: =_xlfn.TEXTJOIN(", ", TRUE, Posts_Cleaned[[#This Row],[Hashtags Used.1]], Posts_Cleaned[[#This Row],[Hashtags Used.2]], Posts_Cleaned[[#This Row],[Hashtags Used.3]]) -> #TeslaCoInnovation | R78: =VLOOKUP(Posts_Cleaned[[#This Row],[Campaign_Name]],'Campaign Metadata Dataset '!$A$2:$B$5,2,0) -> #N/A | S78: =VLOOKUP(Posts_Cleaned[[#This Row],[Campaign_Name]],'Campaign Metadata Dataset '!$A$1:$C$5,3,0) -> #N/A | T78: =IF(AND(C78>R78, C78<=S78),"During Campaign","Before Campaign") -> #N/A | U78: =SUM(Posts_Cleaned[[#This Row],[Likes]]+Posts_Cleaned[[#This Row],[Shares]]+Posts_Cleaned[[#This Row],[Comments]]+Posts_Cleaned[[#This Row],[Clicks]]) -> 1848 | V78: =AVERAGEIF(Posts_Cleaned[[#This Row],[Period]]:T:T,"Before Campaign",Posts_Cleaned[[#This Row],[Engagement Rate ]]) -> 0.15145748 | W78: =AVERAGEIF($T$2:$T$302,"During Campaign",P78) -> 0.15076214 | X78: =(Posts_Cleaned[[#This Row],[During ]]-Posts_Cleaned[[#This Row],[Before ]])/Posts_Cleaned[[#This Row],[During ]] -> -0.0046121603 | Y78: =IFERROR(VLOOKUP(O78, 'Campaign Metadata Dataset '!$A$1:$G$5,5,0),0) -> 0 | Z78: 0 | AA78: =(W:W-V:V)/W:W -> -0.0046121603
A79: P078 | B79: X | C79: 45460 | D79: Image | E79: Check out our latest image on twitter! | F79: 954 | G79: 324 | H79: 288 | I79: 19080 | J79: 18859 | K79: 21 | L79: #FutureOfDriving | O79: SustainabilityDrive | P79: =IFERROR(((Posts_Cleaned[[#This Row],[Likes]]+Posts_Cleaned[[#This Row],[Shares]]+Posts_Cleaned[[#This Row],[Comments]])/Posts_Cleaned[[#This Row],[Impressions]]),0) -> 0.082075472 | Q79: =_xlfn.TEXTJOIN(", ", TRUE, Posts_Cleaned[[#This Row],[Hashtags Used.1]], Posts_Cleaned[[#This Row],[Hashtags Used.2]], Posts_Cleaned[[#This Row],[Hashtags Used.3]]) -> #FutureOfDriving | R79: =VLOOKUP(Posts_Cleaned[[#This Row],[Campaign_Name]],'Campaign Metadata Dataset '!$A$2:$B$5,2,0) -> 45717 | S79: =VLOOKUP(Posts_Cleaned[[#This Row],[Campaign_Name]],'Campaign Metadata Dataset '!$A$1:$C$5,3,0) -> 45747 | T79: =IF(AND(C79>R79, C79<=S79),"During Campaign","Before Campaign") -> Before Campaign | U79: =SUM(Posts_Cleaned[[#This Row],[Likes]]+Posts_Cleaned[[#This Row],[Shares]]+Posts_Cleaned[[#This Row],[Comments]]+Posts_Cleaned[[#This Row],[Clicks]]) -> 1587 | V79: =AVERAGEIF(Posts_Cleaned[[#This Row],[Period]]:T:T,"Before Campaign",Posts_Cleaned[[#This Row],[Engagement Rate ]]) -> 0.14257751 | W79: =AVERAGEIF($T$2:$T$302,"During Campaign",P79) -> 0.13024981 | X79: =(Posts_Cleaned[[#This Row],[During ]]-Posts_Cleaned[[#This Row],[Before ]])/Posts_Cleaned[[#This Row],[During ]] -> -0.09464662 | Y79: =IFERROR(VLOOKUP(O79, 'Campaign Metadata Dataset '!$A$1:$G$5,5,0),0) -> 180000 | Z79: =(F:F+G:G+H:H+K:K)/Y:Y -> 0.0088166667 | AA79: =(W:W-V:V)/W:W -> -0.09464662
A80: P079 | B80: Instagram | C80: 45574 | D80: Carousel | E80: Check out our latest carousel on instagram! | F80: 3068 | G80: 137 | H80: 329 | I80: 39884 | J80: 39404 | K80: 266 | L80: #EVRevolution | O80: ModelYCampaign | P80: =IFERROR(((Posts_Cleaned[[#This Row],[Likes]]+Posts_Cleaned[[#This Row],[Shares]]+Posts_Cleaned[[#This Row],[Comments]])/Posts_Cleaned[[#This Row],[Impressions]]),0) -> 0.08860696 | Q80: =_xlfn.TEXTJOIN(", ", TRUE, Posts_Cleaned[[#This Row],[Hashtags Used.1]], Posts_Cleaned[[#This Row],[Hashtags Used.2]], Posts_Cleaned[[#This Row],[Hashtags Used.3]]) -> #EVRevolution | R80: =VLOOKUP(Posts_Cleaned[[#This Row],[Campaign_Name]],'Campaign Metadata Dataset '!$A$2:$B$5,2,0) -> 45566 | S80: =VLOOKUP(Posts_Cleaned[[#This Row],[Campaign_Name]],'Campaign Metadata Dataset '!$A$1:$C$5,3,0) -> 45596 | T80: =IF(AND(C80>R80, C80<=S80),"During Campaign","Before Campaign") -> During Campaign | U80: =SUM(Posts_Cleaned[[#This Row],[Likes]]+Posts_Cleaned[[#This Row],[Shares]]+Posts_Cleaned[[#This Row],[Comments]]+Posts_Cleaned[[#This Row],[Clicks]]) -> 3800 | V80: =AVERAGEIF(Posts_Cleaned[[#This Row],[Period]]:T:T,"Before Campaign",Posts_Cleaned[[#This Row],[Engagement Rate ]]) -> 0.13665712 | W80: =AVERAGEIF($T$2:$T$302,"During Campaign",P80) -> 0.2200749 | X80: =(Posts_Cleaned[[#This Row],[During ]]-Posts_Cleaned[[#This Row],[Before ]])/Posts_Cleaned[[#This Row],[During ]] -> 0.37904269 | Y80: =IFERROR(VLOOKUP(O80, 'Campaign Metadata Dataset '!$A$1:$G$5,5,0),0) -> 200000 | Z80: =(F:F+G:G+H:H+K:K)/Y:Y -> 0.019 | AA80: =(W:W-V:V)/W:W -> 0.37904269
A81: P080 | B81: Instagram | C81: 45456 | D81: Story | E81: Check out our latest story on instagram! | F81: 2103 | G81: 892 | H81: 103 | I81: 39957 | J81: 39466 | K81: 28 | L81: #FutureOfDriving | P81: =IFERROR(((Posts_Cleaned[[#This Row],[Likes]]+Posts_Cleaned[[#This Row],[Shares]]+Posts_Cleaned[[#This Row],[Comments]])/Posts_Cleaned[[#This Row],[Impressions]]),0) -> 0.077533348 | Q81: =_xlfn.TEXTJOIN(", ", TRUE, Posts_Cleaned[[#This Row],[Hashtags Used.1]], Posts_Cleaned[[#This Row],[Hashtags Used.2]], Posts_Cleaned[[#This Row],[Hashtags Used.3]]) -> #FutureOfDriving | R81: =VLOOKUP(Posts_Cleaned[[#This Row],[Campaign_Name]],'Campaign Metadata Dataset '!$A$2:$B$5,2,0) -> #N/A | S81: =VLOOKUP(Posts_Cleaned[[#This Row],[Campaign_Name]],'Campaign Metadata Dataset '!$A$1:$C$5,3,0) -> #N/A | T81: =IF(AND(C81>R81, C81<=S81),"During Campaign","Before Campaign") -> #N/A | U81: =SUM(Posts_Cleaned[[#This Row],[Likes]]+Posts_Cleaned[[#This Row],[Shares]]+Posts_Cleaned[[#This Row],[Comments]]+Posts_Cleaned[[#This Row],[Clicks]]) -> 3126 | V81: =AVERAGEIF(Posts_Cleaned[[#This Row],[Period]]:T:T,"Before Campaign",Posts_Cleaned[[#This Row],[Engagement Rate ]]) -> 0.1576697 | W81: =AVERAGEIF($T$2:$T$302,"During Campaign",P81) -> 0.17126952 | X81: =(Posts_Cleaned[[#This Row],[During ]]-Posts_Cleaned[[#This Row],[Before ]])/Posts_Cleaned[[#This Row],[During ]] -> 0.079405951 | Y81: =IFERROR(VLOOKUP(O81, 'Campaign Metadata Dataset '!$A$1:$G$5,5,0),0) -> 0 | Z81: 0 | AA81: =(W:W-V:V)/W:W -> 0.079405951
A82: P081 | B82: Instagram | C82: 45584 | D82: Story | E82: Check out our latest story on instagram! | F82: 1816 | G82: 29 | H82: 41 | I82: 19976 | J82: 19262 | K82: 283 | L82: #TeslaCoInnovation | O82: FSDUpdate | P82: =IFERROR(((Posts_Cleaned[[#This Row],[Likes]]+Posts_Cleaned[[#This Row],[Shares]]+Posts_Cleaned[[#This Row],[Comments]])/Posts_Cleaned[[#This Row],[Impressions]]),0) -> 0.094413296 | Q82: =_xlfn.TEXTJOIN(", ", TRUE, Posts_Cleaned[[#This Row],[Hashtags Used.1]], Posts_Cleaned[[#This Row],[Hashtags Used.2]], Posts_Cleaned[[#This Row],[Hashtags Used.3]]) -> #TeslaCoInnovation | R82: =VLOOKUP(Posts_Cleaned[[#This Row],[Campaign_Name]],'Campaign Metadata Dataset '!$A$2:$B$5,2,0) -> 45651 | S82: =VLOOKUP(Posts_Cleaned[[#This Row],[Campaign_Name]],'Campaign Metadata Dataset '!$A$1:$C$5,3,0) -> 45667 | T82: =IF(AND(C82>R82, C82<=S82),"During Campaign","Before Campaign") -> Before Campaign | U82: =SUM(Posts_Cleaned[[#This Row],[Likes]]+Posts_Cleaned[[#This Row],[Shares]]+Posts_Cleaned[[#This Row],[Comments]]+Posts_Cleaned[[#This Row],[Clicks]]) -> 2169 | V82: =AVERAGEIF(Posts_Cleaned[[#This Row],[Period]]:T:T,"Before Campaign",Posts_Cleaned[[#This Row],[Engagement Rate ]]) -> 0.16067115 | W82: =AVERAGEIF($T$2:$T$302,"During Campaign",P82) -> 0.14523136 | X82: =(Posts_Cleaned[[#This Row],[During ]]-Posts_Cleaned[[#This Row],[Before ]])/Posts_Cleaned[[#This Row],[During ]] -> -0.10631168 | Y82: =IFERROR(VLOOKUP(O82, 'Campaign Metadata Dataset '!$A$1:$G$5,5,0),0) -> 250000 | Z82: =(F:F+G:G+H:H+K:K)/Y:Y -> 0.008676 | AA82: =(W:W-V:V)/W:W -> -0.10631168
A83: P082 | B83: Instagram | C83: 45497 | D83: Image | E83: Check out our latest image on instagram! | F83: 725 | G83: 88 | H83: 428 | I83: 14500 | J83: 13637 | K83: 200 | L83: #FutureOfDriving | M83: #TeslaCoInnovation | N83: #AnytimeIsTeslaTime | O83: FSDUpdate | P83: =IFERROR(((Posts_Cleaned[[#This Row],[Likes]]+Posts_Cleaned[[#This Row],[Shares]]+Posts_Cleaned[[#This Row],[Comments]])/Posts_Cleaned[[#This Row],[Impressions]]),0) -> 0.085586207 | Q83: =_xlfn.TEXTJOIN(", ", TRUE, Posts_Cleaned[[#This Row],[Hashtags Used.1]], Posts_Cleaned[[#This Row],[Hashtags Used.2]], Posts_Cleaned[[#This Row],[Hashtags Used.3]]) -> #FutureOfDriving, #TeslaCoInnovation, #AnytimeIsTeslaTime | R83: =VLOOKUP(Posts_Cleaned[[#This Row],[Campaign_Name]],'Campaign Metadata Dataset '!$A$2:$B$5,2,0) -> 45651 | S83: =VLOOKUP(Posts_Cleaned[[#This Row],[Campaign_Name]],'Campaign Metadata Dataset '!$A$1:$C$5,3,0) -> 45667 | T83: =IF(AND(C83>R83, C83<=S83),"During Campaign","Before Campaign") -> Before Campaign | U83: =SUM(Posts_Cleaned[[#This Row],[Likes]]+Posts_Cleaned[[#This Row],[Shares]]+Posts_Cleaned[[#This Row],[Comments]]+Posts_Cleaned[[#This Row],[Clicks]]) -> 1441 | V83: =AVERAGEIF(Posts_Cleaned[[#This Row],[Period]]:T:T,"Before Campaign",Posts_Cleaned[[#This Row],[Engagement Rate ]]) -> 0.15080633 | W83: =AVERAGEIF($T$2:$T$302,"During Campaign",P83) -> 0.11665791 | X83: =(Posts_Cleaned[[#This Row],[During ]]-Posts_Cleaned[[#This Row],[Before ]])/Posts_Cleaned[[#This Row],[During ]] -> -0.29272269 | Y83: =IFERROR(VLOOKUP(O83, 'Campaign Metadata Dataset '!$A$1:$G$5,5,0),0) -> 250000 | Z83: =(F:F+G:G+H:H+K:K)/Y:Y -> 0.005764 | AA83: =(W:W-V:V)/W:W -> -0.29272269
A84: P083 | B84: YouTube | C84: 45580 | D84: Video | E84: Check out our latest video on youtube! | F84: 1094 | G84: 472 | H84: 21 | I84: 9846 | J84: 9609 | K84: 112 | L84: #EVRevolution | P84: =IFERROR(((Posts_Cleaned[[#This Row],[Likes]]+Posts_Cleaned[[#This Row],[Shares]]+Posts_Cleaned[[#This Row],[Comments]])/Posts_Cleaned[[#This Row],[Impressions]]),0) -> 0.16118221 | Q84: =_xlfn.TEXTJOIN(", ", TRUE, Posts_Cleaned[[#This Row],[Hashtags Used.1]], Posts_Cleaned[[#This Row],[Hashtags Used.2]], Posts_Cleaned[[#This Row],[Hashtags Used.3]]) -> #EVRevolution | R84: =VLOOKUP(Posts_Cleaned[[#This Row],[Campaign_Name]],'Campaign Metadata Dataset '!$A$2:$B$5,2,0) -> #N/A | S84: =VLOOKUP(Posts_Cleaned[[#This Row],[Campaign_Name]],'Campaign Metadata Dataset '!$A$1:$C$5,3,0) -> #N/A | T84: =IF(AND(C84>R84, C84<=S84),"During Campaign","Before Campaign") -> #N/A | U84: =SUM(Posts_Cleaned[[#This Row],[Likes]]+Posts_Cleaned[[#This Row],[Shares]]+Posts_Cleaned[[#This Row],[Comments]]+Posts_Cleaned[[#This Row],[Clicks]]) -> 1699 | V84: =AVERAGEIF(Posts_Cleaned[[#This Row],[Period]]:T:T,"Before Campaign",Posts_Cleaned[[#This Row],[Engagement Rate ]]) -> 0.14353366 | W84: =AVERAGEIF($T$2:$T$302,"During Campaign",P84) -> 0.14950966 | X84: =(Posts_Cleaned[[#This Row],[During ]]-Posts_Cleaned[[#This Row],[Before ]])/Posts_Cleaned[[#This Row],[During ]] -> 0.039970685 | Y84: =IFERROR(VLOOKUP(O84, 'Campaign Metadata Dataset '!$A$1:$G$5,5,0),0) -> 0 | Z84: 0 | AA84: =(W:W-V:V)/W:W -> 0.039970685
A85: P084 | B85: Facebook | C85: 45635 | D85: Image | E85: Check out our latest image on facebook! | F85: 1841 | G85: 851 | H85: 342 | I85: 34979 | J85: 34154 | K85: 255 | L85: #FutureOfDriving | O85: SustainabilityDrive | P85: =IFERROR(((Posts_Cleaned[[#This Row],[Likes]]+Posts_Cleaned[[#This Row],[Shares]]+Posts_Cleaned[[#This Row],[Comments]])/Posts_Cleaned[[#This Row],[Impressions]]),0) -> 0.086737757 | Q85: =_xlfn.TEXTJOIN(", ", TRUE, Posts_Cleaned[[#This Row],[Hashtags Used.1]], Posts_Cleaned[[#This Row],[Hashtags Used.2]], Posts_Cleaned[[#This Row],[Hashtags Used.3]]) -> #FutureOfDriving | R85: =VLOOKUP(Posts_Cleaned[[#This Row],[Campaign_Name]],'Campaign Metadata Dataset '!$A$2:$B$5,2,0) -> 45717 | S85: =VLOOKUP(Posts_Cleaned[[#This Row],[Campaign_Name]],'Campaign Metadata Dataset '!$A$1:$C$5,3,0) -> 45747 | T85: =IF(AND(C85>R85, C85<=S85),"During Campaign","Before Campaign") -> Before Campaign | U85: =SUM(Posts_Cleaned[[#This Row],[Likes]]+Posts_Cleaned[[#This Row],[Shares]]+Posts_Cleaned[[#This Row],[Comments]]+Posts_Cleaned[[#This Row],[Clicks]]) -> 3289 | V85: =AVERAGEIF(Posts_Cleaned[[#This Row],[Period]]:T:T,"Before Campaign",Posts_Cleaned[[#This Row],[Engagement Rate ]]) -> 0.15015347 | W85: =AVERAGEIF($T$2:$T$302,"During Campaign",P85) -> 0.18614232 | X85: =(Posts_Cleaned[[#This Row],[During ]]-Posts_Cleaned[[#This Row],[Before ]])/Posts_Cleaned[[#This Row],[During ]] -> 0.19334047 | Y85: =IFERROR(VLOOKUP(O85, 'Campaign Metadata Dataset '!$A$1:$G$5,5,0),0) -> 180000 | Z85: =(F:F+G:G+H:H+K:K)/Y:Y -> 0.018272222 | AA85: =(W:W-V:V)/W:W -> 0.19334047
A86: P085 | B86: Instagram | C86: 45766 | D86: Image | E86: Check out our latest image on instagram! | F86: 4177 | G86: 569 | H86: 55 | I86: 25062 | J86: 24847 | K86: 230 | L86: #FutureOfDriving | O86: CybertruckLaunch | P86: =IFERROR(((Posts_Cleaned[[#This Row],[Likes]]+Posts_Cleaned[[#This Row],[Shares]]+Posts_Cleaned[[#This Row],[Comments]])/Posts_Cleaned[[#This Row],[Impressions]]),0) -> 0.19156492 | Q86: =_xlfn.TEXTJOIN(", ", TRUE, Posts_Cleaned[[#This Row],[Hashtags Used.1]], Posts_Cleaned[[#This Row],[Hashtags Used.2]], Posts_Cleaned[[#This Row],[Hashtags Used.3]]) -> #FutureOfDriving | R86: =VLOOKUP(Posts_Cleaned[[#This Row],[Campaign_Name]],'Campaign Metadata Dataset '!$A$2:$B$5,2,0) -> 45458 | S86: =VLOOKUP(Posts_Cleaned[[#This Row],[Campaign_Name]],'Campaign Metadata Dataset '!$A$1:$C$5,3,0) -> 45488 | T86: =IF(AND(C86>R86, C86<=S86),"During Campaign","Before Campaign") -> Before Campaign | U86: =SUM(Posts_Cleaned[[#This Row],[Likes]]+Posts_Cleaned[[#This Row],[Shares]]+Posts_Cleaned[[#This Row],[Comments]]+Posts_Cleaned[[#This Row],[Clicks]]) -> 5031 | V86: =AVERAGEIF(Posts_Cleaned[[#This Row],[Period]]:T:T,"Before Campaign",Posts_Cleaned[[#This Row],[Engagement Rate ]]) -> 0.15260448 | W86: =AVERAGEIF($T$2:$T$302,"During Campaign",P86) -> 0.16032506 | X86: =(Posts_Cleaned[[#This Row],[During ]]-Posts_Cleaned[[#This Row],[Before ]])/Posts_Cleaned[[#This Row],[During ]] -> 0.048155766 | Y86: =IFERROR(VLOOKUP(O86, 'Campaign Metadata Dataset '!$A$1:$G$5,5,0),0) -> 150000 | Z86: =(F:F+G:G+H:H+K:K)/Y:Y -> 0.03354 | AA86: =(W:W-V:V)/W:W -> 0.048155766
A87: P086 | B87: YouTube | C87: 45684 | D87: Text | E87: Check out our latest text on youtube! | F87: 3428 | G87: 305 | H87: 85 | I87: 58276 | J87: 58052 | K87: 242 | L87: #EVRevolution | M87: #BetterWithTesla | O87: SustainabilityDrive | P87: =IFERROR(((Posts_Cleaned[[#This Row],[Likes]]+Posts_Cleaned[[#This Row],[Shares]]+Posts_Cleaned[[#This Row],[Comments]])/Posts_Cleaned[[#This Row],[Impressions]]),0) -> 0.065515821 | Q87: =_xlfn.TEXTJOIN(", ", TRUE, Posts_Cleaned[[#This Row],[Hashtags Used.1]], Posts_Cleaned[[#This Row],[Hashtags Used.2]], Posts_Cleaned[[#This Row],[Hashtags Used.3]]) -> #EVRevolution, #BetterWithTesla | R87: =VLOOKUP(Posts_Cleaned[[#This Row],[Campaign_Name]],'Campaign Metadata Dataset '!$A$2:$B$5,2,0) -> 45717 | S87: =VLOOKUP(Posts_Cleaned[[#This Row],[Campaign_Name]],'Campaign Metadata Dataset '!$A$1:$C$5,3,0) -> 45747 | T87: =IF(AND(C87>R87, C87<=S87),"During Campaign","Before Campaign") -> Before Campaign | U87: =SUM(Posts_Cleaned[[#This Row],[Likes]]+Posts_Cleaned[[#This Row],[Shares]]+Posts_Cleaned[[#This Row],[Comments]]+Posts_Cleaned[[#This Row],[Clicks]]) -> 4060 | V87: =AVERAGEIF(Posts_Cleaned[[#This Row],[Period]]:T:T,"Before Campaign",Posts_Cleaned[[#This Row],[Engagement Rate ]]) -> 0.15284394 | W87: =AVERAGEIF($T$2:$T$302,"During Campaign",P87) -> 0.1414809 | X87: =(Posts_Cleaned[[#This Row],[During ]]-Posts_Cleaned[[#This Row],[Before ]])/Posts_Cleaned[[#This Row],[During ]] -> -0.080315021 | Y87: =IFERROR(VLOOKUP(O87, 'Campaign Metadata Dataset '!$A$1:$G$5,5,0),0) -> 180000 | Z87: =(F:F+G:G+H:H+K:K)/Y:Y -> 0.022555556 | AA87: =(W:W-V:V)/W:W -> -0.080315021
A88: P087 | B88: X | C88: 45449 | D88: Video | E88: Check out our latest video on twitter! | F88: 1436 | G88: 765 | H88: 496 | I88: 12924 | J88: 12701 | K88: 197 | L88: #FutureOfDriving | O88: FSDUpdate | P88: =IFERROR(((Posts_Cleaned[[#This Row],[Likes]]+Posts_Cleaned[[#This Row],[Shares]]+Posts_Cleaned[[#This Row],[Comments]])/Posts_Cleaned[[#This Row],[Impressions]]),0) -> 0.20868152 | Q88: =_xlfn.TEXTJOIN(", ", TRUE, Posts_Cleaned[[#This Row],[Hashtags Used.1]], Posts_Cleaned[[#This Row],[Hashtags Used.2]], Posts_Cleaned[[#This Row],[Hashtags Used.3]]) -> #FutureOfDriving | R88: =VLOOKUP(Posts_Cleaned[[#This Row],[Campaign_Name]],'Campaign Metadata Dataset '!$A$2:$B$5,2,0) -> 45651 | S88: =VLOOKUP(Posts_Cleaned[[#This Row],[Campaign_Name]],'Campaign Metadata Dataset '!$A$1:$C$5,3,0) -> 45667 | T88: =IF(AND(C88>R88, C88<=S88),"During Campaign","Before Campaign") -> Before Campaign | U88: =SUM(Posts_Cleaned[[#This Row],[Likes]]+Posts_Cleaned[[#This Row],[Shares]]+Posts_Cleaned[[#This Row],[Comments]]+Posts_Cleaned[[#This Row],[Clicks]]) -> 2894 | V88: =AVERAGEIF(Posts_Cleaned[[#This Row],[Period]]:T:T,"Before Campaign",Posts_Cleaned[[#This Row],[Engagement Rate ]]) -> 0.15970534 | W88: =AVERAGEIF($T$2:$T$302,"During Campaign",P88) -> 0.12310483 | X88: =(Posts_Cleaned[[#This Row],[During ]]-Posts_Cleaned[[#This Row],[Before ]])/Posts_Cleaned[[#This Row],[During ]] -> -0.29731175 | Y88: =IFERROR(VLOOKUP(O88, 'Campaign Metadata Dataset '!$A$1:$G$5,5,0),0) -> 250000 | Z88: =(F:F+G:G+H:H+K:K)/Y:Y -> 0.011576 | AA88: =(W:W-V:V)/W:W -> -0.29731175
A89: P088 | B89: Facebook | C89: 45480 | D89: Story | E89: Check out our latest story on facebook! | F89: 302 | G89: 47 | H89: 430 | I89: 5738 | J89: 4890 | K89: 25 | L89: #TeslaCoInnovation | O89: SustainabilityDrive | P89: =IFERROR(((Posts_Cleaned[[#This Row],[Likes]]+Posts_Cleaned[[#This Row],[Shares]]+Posts_Cleaned[[#This Row],[Comments]])/Posts_Cleaned[[#This Row],[Impressions]]),0) -> 0.13576159 | Q89: =_xlfn.TEXTJOIN(", ", TRUE, Posts_Cleaned[[#This Row],[Hashtags Used.1]], Posts_Cleaned[[#This Row],[Hashtags Used.2]], Posts_Cleaned[[#This Row],[Hashtags Used.3]]) -> #TeslaCoInnovation | R89: =VLOOKUP(Posts_Cleaned[[#This Row],[Campaign_Name]],'Campaign Metadata Dataset '!$A$2:$B$5,2,0) -> 45717 | S89: =VLOOKUP(Posts_Cleaned[[#This Row],[Campaign_Name]],'Campaign Metadata Dataset '!$A$1:$C$5,3,0) -> 45747 | T89: =IF(AND(C89>R89, C89<=S89),"During Campaign","Before Campaign") -> Before Campaign | U89: =SUM(Posts_Cleaned[[#This Row],[Likes]]+Posts_Cleaned[[#This Row],[Shares]]+Posts_Cleaned[[#This Row],[Comments]]+Posts_Cleaned[[#This Row],[Clicks]]) -> 804 | V89: =AVERAGEIF(Posts_Cleaned[[#This Row],[Period]]:T:T,"Before Campaign",Posts_Cleaned[[#This Row],[Engagement Rate ]]) -> 0.15232789 | W89: =AVERAGEIF($T$2:$T$302,"During Campaign",P89) -> 0.15736504 | X89: =(Posts_Cleaned[[#This Row],[During ]]-Posts_Cleaned[[#This Row],[Before ]])/Posts_Cleaned[[#This Row],[During ]] -> 0.032009278 | Y89: =IFERROR(VLOOKUP(O89, 'Campaign Metadata Dataset '!$A$1:$G$5,5,0),0) -> 180000 | Z89: =(F:F+G:G+H:H+K:K)/Y:Y -> 0.0044666667 | AA89: =(W:W-V:V)/W:W -> 0.032009278
A90: P089 | B90: X | C90: 45667 | D90: Image | E90: Check out our latest image on twitter! | F90: 2214 | G90: 249 | H90: 152 | I90: 15498 | J90: 14800 | K90: 180 | L90: #EVRevolution | P90: =IFERROR(((Posts_Cleaned[[#This Row],[Likes]]+Posts_Cleaned[[#This Row],[Shares]]+Posts_Cleaned[[#This Row],[Comments]])/Posts_Cleaned[[#This Row],[Impressions]]),0) -> 0.16873145 | Q90: =_xlfn.TEXTJOIN(", ", TRUE, Posts_Cleaned[[#This Row],[Hashtags Used.1]], Posts_Cleaned[[#This Row],[Hashtags Used.2]], Posts_Cleaned[[#This Row],[Hashtags Used.3]]) -> #EVRevolution | R90: =VLOOKUP(Posts_Cleaned[[#This Row],[Campaign_Name]],'Campaign Metadata Dataset '!$A$2:$B$5,2,0) -> #N/A | S90: =VLOOKUP(Posts_Cleaned[[#This Row],[Campaign_Name]],'Campaign Metadata Dataset '!$A$1:$C$5,3,0) -> #N/A | T90: =IF(AND(C90>R90, C90<=S90),"During Campaign","Before Campaign") -> #N/A | U90: =SUM(Posts_Cleaned[[#This Row],[Likes]]+Posts_Cleaned[[#This Row],[Shares]]+Posts_Cleaned[[#This Row],[Comments]]+Posts_Cleaned[[#This Row],[Clicks]]) -> 2795 | V90: =AVERAGEIF(Posts_Cleaned[[#This Row],[Period]]:T:T,"Before Campaign",Posts_Cleaned[[#This Row],[Engagement Rate ]]) -> 0.15491529 | W90: =AVERAGEIF($T$2:$T$302,"During Campaign",P90) -> 0.19622349 | X90: =(Posts_Cleaned[[#This Row],[During ]]-Posts_Cleaned[[#This Row],[Before ]])/Posts_Cleaned[[#This Row],[During ]] -> 0.21051609 | Y90: =IFERROR(VLOOKUP(O90, 'Campaign Metadata Dataset '!$A$1:$G$5,5,0),0) -> 0 | Z90: 0 | AA90: =(W:W-V:V)/W:W -> 0.21051609
A91: P090 | B91: Instagram | C91: 45446 | D91: Image | E91: Check out our latest image on instagram! | F91: 3861 | G91: 960 | H91: 101 | I91: 69498 | J91: 68817 | K91: 297 | L91: #TeslaCoInnovation | O91: SustainabilityDrive | P91: =IFERROR(((Posts_Cleaned[[#This Row],[Likes]]+Posts_Cleaned[[#This Row],[Shares]]+Posts_Cleaned[[#This Row],[Comments]])/Posts_Cleaned[[#This Row],[Impressions]]),0) -> 0.070822182 | Q91: =_xlfn.TEXTJOIN(", ", TRUE, Posts_Cleaned[[#This Row],[Hashtags Used.1]], Posts_Cleaned[[#This Row],[Hashtags Used.2]], Posts_Cleaned[[#This Row],[Hashtags Used.3]]) -> #TeslaCoInnovation | R91: =VLOOKUP(Posts_Cleaned[[#This Row],[Campaign_Name]],'Campaign Metadata Dataset '!$A$2:$B$5,2,0) -> 45717 | S91: =VLOOKUP(Posts_Cleaned[[#This Row],[Campaign_Name]],'Campaign Metadata Dataset '!$A$1:$C$5,3,0) -> 45747 | T91: =IF(AND(C91>R91, C91<=S91),"During Campaign","Before Campaign") -> Before Campaign | U91: =SUM(Posts_Cleaned[[#This Row],[Likes]]+Posts_Cleaned[[#This Row],[Shares]]+Posts_Cleaned[[#This Row],[Comments]]+Posts_Cleaned[[#This Row],[Clicks]]) -> 5219 | V91: =AVERAGEIF(Posts_Cleaned[[#This Row],[Period]]:T:T,"Before Campaign",Posts_Cleaned[[#This Row],[Engagement Rate ]]) -> 0.15343098 | W91: =AVERAGEIF($T$2:$T$302,"During Campaign",P91) -> 0.12351933 | X91: =(Posts_Cleaned[[#This Row],[During ]]-Posts_Cleaned[[#This Row],[Before ]])/Posts_Cleaned[[#This Row],[During ]] -> -0.24216171 | Y91: =IFERROR(VLOOKUP(O91, 'Campaign Metadata Dataset '!$A$1:$G$5,5,0),0) -> 180000 | Z91: =(F:F+G:G+H:H+K:K)/Y:Y -> 0.028994444 | AA91: =(W:W-V:V)/W:W -> -0.24216171
A92: P091 | B92: Facebook | C92: 45740 | D92: Image | E92: Check out our latest image on facebook! | F92: 1263 | G92: 397 | H92: 357 | I92: 25260 | J92: 24615 | K92: 137 | L92: #EVRevolution | O92: SustainabilityDrive | P92: =IFERROR(((Posts_Cleaned[[#This Row],[Likes]]+Posts_Cleaned[[#This Row],[Shares]]+Posts_Cleaned[[#This Row],[Comments]])/Posts_Cleaned[[#This Row],[Impressions]]),0) -> 0.079849565 | Q92: =_xlfn.TEXTJOIN(", ", TRUE, Posts_Cleaned[[#This Row],[Hashtags Used.1]], Posts_Cleaned[[#This Row],[Hashtags Used.2]], Posts_Cleaned[[#This Row],[Hashtags Used.3]]) -> #EVRevolution | R92: =VLOOKUP(Posts_Cleaned[[#This Row],[Campaign_Name]],'Campaign Metadata Dataset '!$A$2:$B$5,2,0) -> 45717 | S92: =VLOOKUP(Posts_Cleaned[[#This Row],[Campaign_Name]],'Campaign Metadata Dataset '!$A$1:$C$5,3,0) -> 45747 | T92: =IF(AND(C92>R92, C92<=S92),"During Campaign","Before Campaign") -> During Campaign | U92: =SUM(Posts_Cleaned[[#This Row],[Likes]]+Posts_Cleaned[[#This Row],[Shares]]+Posts_Cleaned[[#This Row],[Comments]]+Posts_Cleaned[[#This Row],[Clicks]]) -> 2154 | V92: =AVERAGEIF(Posts_Cleaned[[#This Row],[Period]]:T:T,"Before Campaign",Posts_Cleaned[[#This Row],[Engagement Rate ]]) -> 0.14648796 | W92: =AVERAGEIF($T$2:$T$302,"During Campaign",P92) -> 0.16945408 | X92: =(Posts_Cleaned[[#This Row],[During ]]-Posts_Cleaned[[#This Row],[Before ]])/Posts_Cleaned[[#This Row],[During ]] -> 0.13553003 | Y92: =IFERROR(VLOOKUP(O92, 'Campaign Metadata Dataset '!$A$1:$G$5,5,0),0) -> 180000 | Z92: =(F:F+G:G+H:H+K:K)/Y:Y -> 0.011966667 | AA92: =(W:W-V:V)/W:W -> 0.13553003
A93: P092 | B93: X | C93: 45586 | D93: Story | E93: Check out our latest story on twitter! | F93: 3801 | G93: 967 | H93: 401 | I93: 38010 | J93: 37625 | K93: 236 | L93: #FutureOfDriving | O93: FSDUpdate | P93: =IFERROR(((Posts_Cleaned[[#This Row],[Likes]]+Posts_Cleaned[[#This Row],[Shares]]+Posts_Cleaned[[#This Row],[Comments]])/Posts_Cleaned[[#This Row],[Impressions]]),0) -> 0.13599053 | Q93: =_xlfn.TEXTJOIN(", ", TRUE, Posts_Cleaned[[#This Row],[Hashtags Used.1]], Posts_Cleaned[[#This Row],[Hashtags Used.2]], Posts_Cleaned[[#This Row],[Hashtags Used.3]]) -> #FutureOfDriving | R93: =VLOOKUP(Posts_Cleaned[[#This Row],[Campaign_Name]],'Campaign Metadata Dataset '!$A$2:$B$5,2,0) -> 45651 | S93: =VLOOKUP(Posts_Cleaned[[#This Row],[Campaign_Name]],'Campaign Metadata Dataset '!$A$1:$C$5,3,0) -> 45667 | T93: =IF(AND(C93>R93, C93<=S93),"During Campaign","Before Campaign") -> Before Campaign | U93: =SUM(Posts_Cleaned[[#This Row],[Likes]]+Posts_Cleaned[[#This Row],[Shares]]+Posts_Cleaned[[#This Row],[Comments]]+Posts_Cleaned[[#This Row],[Clicks]]) -> 5405 | V93: =AVERAGEIF(Posts_Cleaned[[#This Row],[Period]]:T:T,"Before Campaign",Posts_Cleaned[[#This Row],[Engagement Rate ]]) -> 0.1462674 | W93: =AVERAGEIF($T$2:$T$302,"During Campaign",P93) -> 0.1250319 | X93: =(Posts_Cleaned[[#This Row],[During ]]-Posts_Cleaned[[#This Row],[Before ]])/Posts_Cleaned[[#This Row],[During ]] -> -0.16984066 | Y93: =IFERROR(VLOOKUP(O93, 'Campaign Metadata Dataset '!$A$1:$G$5,5,0),0) -> 250000 | Z93: =(F:F+G:G+H:H+K:K)/Y:Y -> 0.02162 | AA93: =(W:W-V:V)/W:W -> -0.16984066
A94: P093 | B94: Instagram | C94: 45637 | D94: Video | E94: Check out our latest video on instagram! | F94: 1431 | G94: 951 | H94: 26 | I94: 8586 | J94: 8396 | K94: 150 | L94: #EVRevolution | O94: FSDUpdate | P94: =IFERROR(((Posts_Cleaned[[#This Row],[Likes]]+Posts_Cleaned[[#This Row],[Shares]]+Posts_Cleaned[[#This Row],[Comments]])/Posts_Cleaned[[#This Row],[Impressions]]),0) -> 0.28045656 | Q94: =_xlfn.TEXTJOIN(", ", TRUE, Posts_Cleaned[[#This Row],[Hashtags Used.1]], Posts_Cleaned[[#This Row],[Hashtags Used.2]], Posts_Cleaned[[#This Row],[Hashtags Used.3]]) -> #EVRevolution | R94: =VLOOKUP(Posts_Cleaned[[#This Row],[Campaign_Name]],'Campaign Metadata Dataset '!$A$2:$B$5,2,0) -> 45651 | S94: =VLOOKUP(Posts_Cleaned[[#This Row],[Campaign_Name]],'Campaign Metadata Dataset '!$A$1:$C$5,3,0) -> 45667 | T94: =IF(AND(C94>R94, C94<=S94),"During Campaign","Before Campaign") -> Before Campaign | U94: =SUM(Posts_Cleaned[[#This Row],[Likes]]+Posts_Cleaned[[#This Row],[Shares]]+Posts_Cleaned[[#This Row],[Comments]]+Posts_Cleaned[[#This Row],[Clicks]]) -> 2558 | V94: =AVERAGEIF(Posts_Cleaned[[#This Row],[Period]]:T:T,"Before Campaign",Posts_Cleaned[[#This Row],[Engagement Rate ]]) -> 0.15895782 | W94: =AVERAGEIF($T$2:$T$302,"During Campaign",P94) -> 0.14640044 | X94: =(Posts_Cleaned[[#This Row],[During ]]-Posts_Cleaned[[#This Row],[Before ]])/Posts_Cleaned[[#This Row],[During ]] -> -0.085774135 | Y94: =IFERROR(VLOOKUP(O94, 'Campaign Metadata Dataset '!$A$1:$G$5,5,0),0) -> 250000 | Z94: =(F:F+G:G+H:H+K:K)/Y:Y -> 0.010232 | AA94: =(W:W-V:V)/W:W -> -0.085774135
A95: P094 | B95: Instagram | C95: 45603 | D95: Image | E95: Check out our latest image on instagram! | F95: 2647 | G95: 304 | H95: 170 | I95: 18529 | J95: 17841 | K95: 46 | L95: #FutureOfDriving | O95: FSDUpdate | P95: =IFERROR(((Posts_Cleaned[[#This Row],[Likes]]+Posts_Cleaned[[#This Row],[Shares]]+Posts_Cleaned[[#This Row],[Comments]])/Posts_Cleaned[[#This Row],[Impressions]]),0) -> 0.16843866 | Q95: =_xlfn.TEXTJOIN(", ", TRUE, Posts_Cleaned[[#This Row],[Hashtags Used.1]], Posts_Cleaned[[#This Row],[Hashtags Used.2]], Posts_Cleaned[[#This Row],[Hashtags Used.3]]) -> #FutureOfDriving | R95: =VLOOKUP(Posts_Cleaned[[#This Row],[Campaign_Name]],'Campaign Metadata Dataset '!$A$2:$B$5,2,0) -> 45651 | S95: =VLOOKUP(Posts_Cleaned[[#This Row],[Campaign_Name]],'Campaign Metadata Dataset '!$A$1:$C$5,3,0) -> 45667 | T95: =IF(AND(C95>R95, C95<=S95),"During Campaign","Before Campaign") -> Before Campaign | U95: =SUM(Posts_Cleaned[[#This Row],[Likes]]+Posts_Cleaned[[#This Row],[Shares]]+Posts_Cleaned[[#This Row],[Comments]]+Posts_Cleaned[[#This Row],[Clicks]]) -> 3167 | V95: =AVERAGEIF(Posts_Cleaned[[#This Row],[Period]]:T:T,"Before Campaign",Posts_Cleaned[[#This Row],[Engagement Rate ]]) -> 0.15206372 | W95: =AVERAGEIF($T$2:$T$302,"During Campaign",P95) -> 0.13781753 | X95: =(Posts_Cleaned[[#This Row],[During ]]-Posts_Cleaned[[#This Row],[Before ]])/Posts_Cleaned[[#This Row],[During ]] -> -0.10336998 | Y95: =IFERROR(VLOOKUP(O95, 'Campaign Metadata Dataset '!$A$1:$G$5,5,0),0) -> 250000 | Z95: =(F:F+G:G+H:H+K:K)/Y:Y -> 0.012668 | AA95: =(W:W-V:V)/W:W -> -0.10336998
A96: P095 | B96: Instagram | C96: 45604 | D96: Text | E96: Check out our latest text on instagram! | F96: 3182 | G96: 559 | H96: 160 | I96: 57276 | J96: 56890 | K96: 163 | L96: #FutureOfDriving | O96: SustainabilityDrive | P96: =IFERROR(((Posts_Cleaned[[#This Row],[Likes]]+Posts_Cleaned[[#This Row],[Shares]]+Posts_Cleaned[[#This Row],[Comments]])/Posts_Cleaned[[#This Row],[Impressions]]),0) -> 0.068108806 | Q96: =_xlfn.TEXTJOIN(", ", TRUE, Posts_Cleaned[[#This Row],[Hashtags Used.1]], Posts_Cleaned[[#This Row],[Hashtags Used.2]], Posts_Cleaned[[#This Row],[Hashtags Used.3]]) -> #FutureOfDriving | R96: =VLOOKUP(Posts_Cleaned[[#This Row],[Campaign_Name]],'Campaign Metadata Dataset '!$A$2:$B$5,2,0) -> 45717 | S96: =VLOOKUP(Posts_Cleaned[[#This Row],[Campaign_Name]],'Campaign Metadata Dataset '!$A$1:$C$5,3,0) -> 45747 | T96: =IF(AND(C96>R96, C96<=S96),"During Campaign","Before Campaign") -> Before Campaign | U96: =SUM(Posts_Cleaned[[#This Row],[Likes]]+Posts_Cleaned[[#This Row],[Shares]]+Posts_Cleaned[[#This Row],[Comments]]+Posts_Cleaned[[#This Row],[Clicks]]) -> 4064 | V96: =AVERAGEIF(Posts_Cleaned[[#This Row],[Period]]:T:T,"Before Campaign",Posts_Cleaned[[#This Row],[Engagement Rate ]]) -> 0.14140098 | W96: =AVERAGEIF($T$2:$T$302,"During Campaign",P96) -> 0.087221007 | X96: =(Posts_Cleaned[[#This Row],[During ]]-Posts_Cleaned[[#This Row],[Before ]])/Posts_Cleaned[[#This Row],[During ]] -> -0.62118031 | Y96: =IFERROR(VLOOKUP(O96, 'Campaign Metadata Dataset '!$A$1:$G$5,5,0),0) -> 180000 | Z96: =(F:F+G:G+H:H+K:K)/Y:Y -> 0.022577778 | AA96: =(W:W-V:V)/W:W -> -0.62118031
A97: P096 | B97: X | C97: 45545 | D97: Image | E97: Check out our latest image on twitter! | F97: 1238 | G97: 366 | H97: 444 | I97: 19808 | J97: 19334 | K97: 123 | L97: #FutureOfDriving | P97: =IFERROR(((Posts_Cleaned[[#This Row],[Likes]]+Posts_Cleaned[[#This Row],[Shares]]+Posts_Cleaned[[#This Row],[Comments]])/Posts_Cleaned[[#This Row],[Impressions]]),0) -> 0.10339257 | Q97: =_xlfn.TEXTJOIN(", ", TRUE, Posts_Cleaned[[#This Row],[Hashtags Used.1]], Posts_Cleaned[[#This Row],[Hashtags Used.2]], Posts_Cleaned[[#This Row],[Hashtags Used.3]]) -> #FutureOfDriving | R97: =VLOOKUP(Posts_Cleaned[[#This Row],[Campaign_Name]],'Campaign Metadata Dataset '!$A$2:$B$5,2,0) -> #N/A | S97: =VLOOKUP(Posts_Cleaned[[#This Row],[Campaign_Name]],'Campaign Metadata Dataset '!$A$1:$C$5,3,0) -> #N/A | T97: =IF(AND(C97>R97, C97<=S97),"During Campaign","Before Campaign") -> #N/A | U97: =SUM(Posts_Cleaned[[#This Row],[Likes]]+Posts_Cleaned[[#This Row],[Shares]]+Posts_Cleaned[[#This Row],[Comments]]+Posts_Cleaned[[#This Row],[Clicks]]) -> 2171 | V97: =AVERAGEIF(Posts_Cleaned[[#This Row],[Period]]:T:T,"Before Campaign",Posts_Cleaned[[#This Row],[Engagement Rate ]]) -> 0.15446022 | W97: =AVERAGEIF($T$2:$T$302,"During Campaign",P97) -> 0.13696207 | X97: =(Posts_Cleaned[[#This Row],[During ]]-Posts_Cleaned[[#This Row],[Before ]])/Posts_Cleaned[[#This Row],[During ]] -> -0.12775907 | Y97: =IFERROR(VLOOKUP(O97, 'Campaign Metadata Dataset '!$A$1:$G$5,5,0),0) -> 0 | Z97: 0 | AA97: =(W:W-V:V)/W:W -> -0.12775907
A98: P097 | B98: Instagram | C98: 45517 | D98: Image | E98: Check out our latest image on instagram! | F98: 4739 | G98: 527 | H98: 135 | I98: 61607 | J98: 61333 | K98: 36 | L98: #TeslaCoInnovation | M98: #AnytimeIsTeslaTime | O98: ModelYCampaign | P98: =IFERROR(((Posts_Cleaned[[#This Row],[Likes]]+Posts_Cleaned[[#This Row],[Shares]]+Posts_Cleaned[[#This Row],[Comments]])/Posts_Cleaned[[#This Row],[Impressions]]),0) -> 0.087668609 | Q98: =_xlfn.TEXTJOIN(", ", TRUE, Posts_Cleaned[[#This Row],[Hashtags Used.1]], Posts_Cleaned[[#This Row],[Hashtags Used.2]], Posts_Cleaned[[#This Row],[Hashtags Used.3]]) -> #TeslaCoInnovation, #AnytimeIsTeslaTime | R98: =VLOOKUP(Posts_Cleaned[[#This Row],[Campaign_Name]],'Campaign Metadata Dataset '!$A$2:$B$5,2,0) -> 45566 | S98: =VLOOKUP(Posts_Cleaned[[#This Row],[Campaign_Name]],'Campaign Metadata Dataset '!$A$1:$C$5,3,0) -> 45596 | T98: =IF(AND(C98>R98, C98<=S98),"During Campaign","Before Campaign") -> Before Campaign | U98: =SUM(Posts_Cleaned[[#This Row],[Likes]]+Posts_Cleaned[[#This Row],[Shares]]+Posts_Cleaned[[#This Row],[Comments]]+Posts_Cleaned[[#This Row],[Clicks]]) -> 5437 | V98: =AVERAGEIF(Posts_Cleaned[[#This Row],[Period]]:T:T,"Before Campaign",Posts_Cleaned[[#This Row],[Engagement Rate ]]) -> 0.15811669 | W98: =AVERAGEIF($T$2:$T$302,"During Campaign",P98) -> 0.19096339 | X98: =(Posts_Cleaned[[#This Row],[During ]]-Posts_Cleaned[[#This Row],[Before ]])/Posts_Cleaned[[#This Row],[During ]] -> 0.1720052 | Y98: =IFERROR(VLOOKUP(O98, 'Campaign Metadata Dataset '!$A$1:$G$5,5,0),0) -> 200000 | Z98: =(F:F+G:G+H:H+K:K)/Y:Y -> 0.027185 | AA98: =(W:W-V:V)/W:W -> 0.1720052
A99: P098 | B99: X | C99: 45453 | D99: Story | E99: Check out our latest story on twitter! | F99: 1575 | G99: 771 | H99: 486 | I99: 25200 | J99: 24826 | K99: 17 | L99: #FutureOfDriving | O99: SustainabilityDrive | P99: =IFERROR(((Posts_Cleaned[[#This Row],[Likes]]+Posts_Cleaned[[#This Row],[Shares]]+Posts_Cleaned[[#This Row],[Comments]])/Posts_Cleaned[[#This Row],[Impressions]]),0) -> 0.11238095 | Q99: =_xlfn.TEXTJOIN(", ", TRUE, Posts_Cleaned[[#This Row],[Hashtags Used.1]], Posts_Cleaned[[#This Row],[Hashtags Used.2]], Posts_Cleaned[[#This Row],[Hashtags Used.3]]) -> #FutureOfDriving | R99: =VLOOKUP(Posts_Cleaned[[#This Row],[Campaign_Name]],'Campaign Metadata Dataset '!$A$2:$B$5,2,0) -> 45717 | S99: =VLOOKUP(Posts_Cleaned[[#This Row],[Campaign_Name]],'Campaign Metadata Dataset '!$A$1:$C$5,3,0) -> 45747 | T99: =IF(AND(C99>R99, C99<=S99),"During Campaign","Before Campaign") -> Before Campaign | U99: =SUM(Posts_Cleaned[[#This Row],[Likes]]+Posts_Cleaned[[#This Row],[Shares]]+Posts_Cleaned[[#This Row],[Comments]]+Posts_Cleaned[[#This Row],[Clicks]]) -> 2849 | V99: =AVERAGEIF(Posts_Cleaned[[#This Row],[Period]]:T:T,"Before Campaign",Posts_Cleaned[[#This Row],[Engagement Rate ]]) -> 0.13743097 | W99: =AVERAGEIF($T$2:$T$302,"During Campaign",P99) -> 0.15786776 | X99: =(Posts_Cleaned[[#This Row],[During ]]-Posts_Cleaned[[#This Row],[Before ]])/Posts_Cleaned[[#This Row],[During ]] -> 0.12945513 | Y99: =IFERROR(VLOOKUP(O99, 'Campaign Metadata Dataset '!$A$1:$G$5,5,0),0) -> 180000 | Z99: =(F:F+G:G+H:H+K:K)/Y:Y -> 0.015827778 | AA99: =(W:W-V:V)/W:W -> 0.12945513
A100: P099 | B100: YouTube | C100: 45475 | D100: Carousel | E100: Check out our latest carousel on youtube! | F100: 4171 | G100: 548 | H100: 86 | I100: 66736 | J100: 66634 | K100: 173 | L100: #FutureOfDriving | O100: FSDUpdate | P100: =IFERROR(((Posts_Cleaned[[#This Row],[Likes]]+Posts_Cleaned[[#This Row],[Shares]]+Posts_Cleaned[[#This Row],[Comments]])/Posts_Cleaned[[#This Row],[Impressions]]),0) -> 0.07200012 | Q100: =_xlfn.TEXTJOIN(", ", TRUE, Posts_Cleaned[[#This Row],[Hashtags Used.1]], Posts_Cleaned[[#This Row],[Hashtags Used.2]], Posts_Cleaned[[#This Row],[Hashtags Used.3]]) -> #FutureOfDriving | R100: =VLOOKUP(Posts_Cleaned[[#This Row],[Campaign_Name]],'Campaign Metadata Dataset '!$A$2:$B$5,2,0) -> 45651 | S100: =VLOOKUP(Posts_Cleaned[[#This Row],[Campaign_Name]],'Campaign Metadata Dataset '!$A$1:$C$5,3,0) -> 45667 | T100: =IF(AND(C100>R100, C100<=S100),"During Campaign","Before Campaign") -> Before Campaign | U100: =SUM(Posts_Cleaned[[#This Row],[Likes]]+Posts_Cleaned[[#This Row],[Shares]]+Posts_Cleaned[[#This Row],[Comments]]+Posts_Cleaned[[#This Row],[Clicks]]) -> 4978 | V100: =AVERAGEIF(Posts_Cleaned[[#This Row],[Period]]:T:T,"Before Campaign",Posts_Cleaned[[#This Row],[Engagement Rate ]]) -> 0.14413748 | W100: =AVERAGEIF($T$2:$T$302,"During Campaign",P100) -> 0.23028488 | X100: =(Posts_Cleaned[[#This Row],[During ]]-Posts_Cleaned[[#This Row],[Before ]])/Posts_Cleaned[[#This Row],[During ]] -> 0.37409056 | Y100: =IFERROR(VLOOKUP(O100, 'Campaign Metadata Dataset '!$A$1:$G$5,5,0),0) -> 250000 | Z100: =(F:F+G:G+H:H+K:K)/Y:Y -> 0.019912 | AA100: =(W:W-V:V)/W:W -> 0.37409056
...

Sheet Engagement Summary Dataset 
A1: Week_Start_Date | B1: Platform | C1: New_Followers | D1: Unfollows | E1: Total_Followers | F1: Engagement_Rate | G1: Ad_Spend
A2: 45446 | B2: Instagram | C2: 1135 | D2: 88 | E2: 344084 | F2: 8.06 | G2: 5904
A3: 45446 | B3: Facebook | C3: 1312 | D3: 310 | E3: 42654 | F3: 4.98 | G3: 9566
A4: 45446 | B4: X | C4: 584 | D4: 169 | E4: 146834 | F4: 8.31 | G4: 26752
A5: 45446 | B5: YouTube | C5: 1535 | D5: 445 | E5: 395536 | F5: 4.11 | G5: 30671
A6: 45453 | B6: Instagram | C6: 656 | D6: 139 | E6: 49157 | F6: 9.05 | G6: 9920
A7: 45453 | B7: Facebook | C7: 1697 | D7: 414 | E7: 316555 | F7: 2.37 | G7: 7924
A8: 45453 | B8: X | C8: 436 | D8: 250 | E8: 254347 | F8: 4.01 | G8: 8912
A9: 45453 | B9: YouTube | C9: 1197 | D9: 203 | E9: 413878 | F9: 3.16 | G9: 21205
A10: 45460 | B10: Instagram | C10: 1048 | D10: 155 | E10: 456946 | F10: 2.46 | G10: 11329
A11: 45460 | B11: Facebook | C11: 1753 | D11: 371 | E11: 169496 | F11: 8.11 | G11: 46670
A12: 45460 | B12: X | C12: 1335 | D12: 40 | E12: 122732 | F12: 8.19 | G12: 22482
A13: 45460 | B13: YouTube | C13: 403 | D13: 66 | E13: 382851 | F13: 3.49 | G13: 24313
... A201: 45789 | B201: YouTube | C201: 119 | D201: 456 | E201: 82558 | F201: 6.81 | G201: 12174

Sheet Campaign Metadata Dataset 
A1: Campaign_Name | B1: Start_Date | C1: End_Date | D1: Objective | E1: Total_Budget | F1: Target_Platforms | G1: Primary_Hashtags
A2: CybertruckLaunch | B2: 45458 | C2: 45488 | D2: Product Awareness | E2: 150000 | F2: Instagram,Facebook | G2: #EVRevolution,#TeslaCoInnovation
A3: ModelYCampaign | B3: 45566 | C3: 45596 | D3: Customer Engagement | E3: 200000 | F3: Instagram,YouTube | G3: #AnytimeIsTeslaTime,
A4: FSDUpdate | B4: 45651 | C4: 45667 | D4: Vehicle Launch | E4: 250000 | F4: Facebook,Twitter | G4: #SmoothLikeNitroTesla
A5: SustainabilityDrive | B5: 45717 | C5: 45747 | D5: Community Growth | E5: 180000 | F5: Instagram,Twitter | G5: #BetterWithTesla,#FutureOfDriving

Sheet TASK 5( Q 1(a,b) )
A1: a) Total & Average Impressions, Likes, Clicks per Campaign.
A6: Row Labels | B6: Sum of Likes | C6: Average of Likes2 | D6: Sum of Impressions | E6: Average of Impressions2 | F6: Average of Clicks | G6: Sum of Clicks2
A7: CybertruckLaunch | B7: 138793 | C7: 2891.5208 | D7: 1846272 | E7: 38464 | F7: 134.04167 | G7: 6434
A8: FSDUpdate | B8: 183346 | C8: 2736.5075 | D8: 2266053 | E8: 33821.687 | F8: 149.73134 | G8: 10032
A9: ModelYCampaign | B9: 159783 | C9: 2754.8793 | D9: 1986356 | E9: 34247.517 | F9: 170.2069 | G9: 9872
A10: SustainabilityDrive | B10: 187909 | C10: 2646.6056 | D10: 2464864 | E10: 34716.394 | F10: 150.5493 | G10: 10689
A11: Grand Total | B11: 669831 | C11: 2745.209 | D11: 8563545 | E11: 35096.496 | F11: 151.75 | G11: 37027
E25: b) Engagement uplift during vs. before campaigns
E31: Row Labels | F31: Average of Before | G31: Average of During | H31: Average of Uplift | I31: Average of UPLIFT %
E32: Facebook | F32: 0.1451225 | G32: 0.14456362 | H32: -0.073009814 | I32: -0.073009814
E33: CybertruckLaunch | F33: 0.14429188 | G33: 0.14733207 | H33: -0.088921341 | I33: -0.088921341
E34: FSDUpdate | F34: 0.13876725 | G34: 0.12951827 | H34: -0.09068997 | I34: -0.09068997
E35: ModelYCampaign | F35: 0.15272272 | G35: 0.16372884 | H35: -0.051859463 | I35: -0.051859463
E36: SustainabilityDrive | F36: 0.14998421 | G36: 0.13750438 | H36: -0.14596518 | I36: -0.14596518
E37: (blank) | F37: 0.14223458 | G37: 0.15426227 | H37: 0.02559092 | I37: 0.02559092
E38: Instagram | F38: 0.14962161 | G38: 0.14944189 | H38: -0.078242747 | I38: -0.078242747
E39: CybertruckLaunch | F39: 0.15239503 | G39: 0.15515287 | H39: -0.048083931 | I39: -0.048083931
E40: FSDUpdate | F40: 0.14778436 | G40: 0.16200911 | H40: 0.0052111292 | I40: 0.0052111292
E41: ModelYCampaign | F41: 0.14776209 | G41: 0.14286657 | H41: -0.12260103 | I41: -0.12260103
E42: SustainabilityDrive | F42: 0.14955919 | G42: 0.14151155 | H42: -0.11940736 | I42: -0.11940736
E43: (blank) | F43: 0.15093289 | G43: 0.14860318 | H43: -0.090387499 | I43: -0.090387499
... E56: Grand Total | F56: 0.14781659 | G56: 0.148642 | H56: -0.089569844 | I56: -0.089569844

Sheet TASK 5(Q2 (a))
G1: Highest ROI
A5: Campaign_Name | B5: Total_Budget | C5: Total Enagaement | D5: Highest ROI
A6: CybertruckLaunch | B6: 150000 | C6: =SUMIFS(Posts_Cleaned[Likes],Posts_Cleaned[Campaign_Name],"CybertruckLaunch")+SUMIFS(Posts_Cleaned[Shares],Posts_Cleaned[Campaign_Name],"CybertruckLaunch")+SUMIFS(Posts_Cleaned[Comments],Posts_Cleaned[Campaign_Name],"CybertruckLaunch")+SUMIFS(Posts_Cleaned[Clicks],Posts_Cleaned[Campaign_Name],"CybertruckLaunch") -> 180335 | D6: =C6/B6 -> 1.2022333
A7: ModelYCampaign | B7: 200000 | C7: =SUMIFS(Posts_Cleaned[Likes],Posts_Cleaned[Campaign_Name],"ModelYCampaign")+SUMIFS(Posts_Cleaned[Shares],Posts_Cleaned[Campaign_Name],"ModelYCampaign")+SUMIFS(Posts_Cleaned[Comments],Posts_Cleaned[Campaign_Name],"ModelYCampaign")+SUMIFS(Posts_Cleaned[Clicks],Posts_Cleaned[Campaign_Name],"ModelYCampaign") -> 211611 | D7: =C7/B7 -> 1.058055
A8: FSDUpdate | B8: 250000 | C8: =SUMIFS(Posts_Cleaned[Likes],Posts_Cleaned[Campaign_Name],"FSDUpdate")+SUMIFS(Posts_Cleaned[Shares],Posts_Cleaned[Campaign_Name],"FSDUPdate")+SUMIFS(Posts_Cleaned[Comments],Posts_Cleaned[Campaign_Name],"FSDUPdate")+SUMIFS(Posts_Cleaned[Clicks],Posts_Cleaned[Campaign_Name],"FSDUPdate") -> 242853 | D8: =C8/B8 -> 0.971412
A9: SustainabilityDrive | B9: 180000 | C9: =SUMIFS(Posts_Cleaned[Likes],Posts_Cleaned[Campaign_Name],"SustainabilityDrive")+SUMIFS(Posts_Cleaned[Shares],Posts_Cleaned[Campaign_Name],"SustainabilityDrive")+SUMIFS(Posts_Cleaned[Comments],Posts_Cleaned[Campaign_Name],"SustainabilityDrive")+SUMIFS(Posts_Cleaned[Clicks],Posts_Cleaned[Campaign_Name],"SustainabilityDrive") -> 251172 | D9: =C9/B9 -> 1.3954
C14: Row Labels | D14: Sum of Highest ROI
C15: CybertruckLaunch | D15: 1.2022333
C16: FSDUpdate | D16: 0.971412
C17: ModelYCampaign | D17: 1.058055
C18: SustainabilityDrive | D18: 1.3954
C19: Grand Total | D19: 4.6271003
AB222: 4606 | AC222: 931 | AD222: 230 | AE222: 56
AB225: 84 | AC225: 897 | AD225: 85 | AE225: 12
AB226: 4453 | AC226: 111 | AD226: 420 | AE226: 23
AB228: 3338 | AC228: 277 | AD228: 118 | AE228: 252
AB230: 4672 | AC230: 325 | AD230: 32 | AE230: 118
AB231: 1741 | AC231: 164 | AD231: 318 | AE231: 121
AB234: 4799 | AC234: 694 | AD234: 289 | AE234: 118
AB239: 1272 | AC239: 465 | AD239: 99 | AE239: 42
AB244: 4188 | AC244: 942 | AD244: 118 | AE244: 102
AB252: 3960 | AC252: 266 | AD252: 8 | AE252: 208
AB253: 886 | AC253: 126 | AD253: 153 | AE253: 212
AB255: 3813 | AC255: 935 | AD255: 274 | AE255: 251
... AB297: 880 | AC297: 297 | AD297: 345 | AE297: 238

Sheet TASK5(Q2(b))
F1: The Strongest Follower Growth
A8: Campaign_Name | B8: Start Date | C8: End Date | D8: Target Platform | E8: New_Follewrs | AJ8: New_Followers | AK8: Week_Start_Date | AL8: Platform
A9: CybertruckLaunch | B9: 45458 | C9: 45488 | D9: Instagram | E9: =SUMIFS(Engagement_Summary[New_Followers],Engagement_Summary[Week_Start_Date],">="&B9,Engagement_Summary[Week_Start_Date],"<="&C9,Engagement_Summary[Platform],"Instagram") -> 5902 | AJ9: 1135 | AK9: 45446 | AL9: Instagram
A10: CybertruckLaunch | B10: 45458 | C10: 45488 | D10: Facebook | E10: =SUMIFS('Engagement Summary Dataset '!C2:C201,'Engagement Summary Dataset '!A2:A201,">="&B10,'Engagement Summary Dataset '!A2:A201,"<="&C10,'Engagement Summary Dataset '!B2:B201,"Facebook") -> 4557 | AJ10: 1312 | AK10: 45446 | AL10: Facebook
A11: ModelYCampaign | B11: 45566 | C11: 45596 | D11: Instagram | E11: =SUMIFS('Engagement Summary Dataset '!C3:C202,'Engagement Summary Dataset '!A3:A202,">="&B11,'Engagement Summary Dataset '!A3:A202,"<="&C11,'Engagement Summary Dataset '!B3:B202,"Instagram") -> 4811 | AJ11: 584 | AK11: 45446 | AL11: X
A12: ModelYCampaign | B12: 45566 | C12: 45596 | D12: youtube | E12: =SUMIFS('Engagement Summary Dataset '!C4:C203,'Engagement Summary Dataset '!A4:A203,">="&B12,'Engagement Summary Dataset '!A4:A203,"<="&C12,'Engagement Summary Dataset '!B4:B203,"Youtube") -> 4242 | AJ12: 1535 | AK12: 45446 | AL12: YouTube
A13: FSDUpdate | B13: 45651 | C13: 45667 | D13: Facebook | E13: =SUMIFS('Engagement Summary Dataset '!C5:C204,'Engagement Summary Dataset '!A5:A204,">="&B13,'Engagement Summary Dataset '!A5:A204,"<="&C13,'Engagement Summary Dataset '!B5:B204,"Facebook") -> 2796 | AJ13: 656 | AK13: 45453 | AL13: Instagram
A14: FSDUpdate | B14: 45651 | C14: 45667 | D14: Twitter | E14: =SUMIFS('Engagement Summary Dataset '!C6:C205,'Engagement Summary Dataset '!A6:A205,">="&B14,'Engagement Summary Dataset '!A6:A205,"<="&C14,'Engagement Summary Dataset '!B6:B205,"X") -> 3419 | AJ14: 1697 | AK14: 45453 | AL14: Facebook
A15: SustainabilityDrive | B15: 45717 | C15: 45747 | D15: Instagram | E15: =SUMIFS('Engagement Summary Dataset '!C7:C206,'Engagement Summary Dataset '!A7:A206,">="&B15,'Engagement Summary Dataset '!A7:A206,"<="&C15,'Engagement Summary Dataset '!B7:B206,"Instagram") -> 4389 | AJ15: 436 | AK15: 45453 | AL15: X
A16: SustainabilityDrive | B16: 45717 | C16: 45747 | D16: Twitter | E16: =SUMIFS('Engagement Summary Dataset '!C8:C207,'Engagement Summary Dataset '!A8:A207,">="&B16,'Engagement Summary Dataset '!A8:A207,"<="&C16,'Engagement Summary Dataset '!B8:B207,"X") -> 5732 | AJ16: 1197 | AK16: 45453 | AL16: YouTube
AJ17: 1048 | AK17: 45460 | AL17: Instagram
AJ18: 1753 | AK18: 45460 | AL18: Facebook
AJ19: 1335 | AK19: 45460 | AL19: X
AJ20: 403 | AK20: 45460 | AL20: YouTube
AJ21: 911 | AK21: 45467 | AL21: Instagram
B22: Row Labels | C22: Sum of New_Follewrs | AJ22: 1779 | AK22: 45467 | AL22: Facebook
B23: Instagram | C23: 15102 | AJ23: 1238 | AK23: 45467 | AL23: X
B24: Twitter | C24: 9151 | AJ24: 308 | AK24: 45467 | AL24: YouTube
B25: Facebook | C25: 7353 | AJ25: 226 | AK25: 45474 | AL25: Instagram
B26: youtube | C26: 4242 | AJ26: 505 | AK26: 45474 | AL26: Facebook
B27: Grand Total | C27: 35848 | AJ27: 1420 | AK27: 45474 | AL27: X
AJ28: 144 | AK28: 45474 | AL28: YouTube
AJ29: 1757 | AK29: 45481 | AL29: Instagram
AJ30: 350 | AK30: 45481 | AL30: Facebook
AJ31: 987 | AK31: 45481 | AL31: X
AJ32: 883 | AK32: 45481 | AL32: YouTube
AJ33: 1960 | AK33: 45488 | AL33: Instagram
AJ34: 170 | AK34: 45488 | AL34: Facebook
AJ35: 704 | AK35: 45488 | AL35: X
AJ36: 224 | AK36: 45488 | AL36: YouTube
AJ37: 508 | AK37: 45495 | AL37: Instagram
AJ38: 1391 | AK38: 45495 | AL38: Facebook
AJ39: 1701 | AK39: 45495 | AL39: X
... AJ208: 119 | AK208: 45789 | AL208: YouTube
